-- MySQL dump 10.13  Distrib 8.0.41, for Win64 (x86_64)
--
-- Host: localhost    Database: ferreteria
-- ------------------------------------------------------
-- Server version	8.0.41

/*!40101 SET @OLD_CHARACTER_SET_CLIENT=@@CHARACTER_SET_CLIENT */;
/*!40101 SET @OLD_CHARACTER_SET_RESULTS=@@CHARACTER_SET_RESULTS */;
/*!40101 SET @OLD_COLLATION_CONNECTION=@@COLLATION_CONNECTION */;
/*!50503 SET NAMES utf8mb4 */;
/*!40103 SET @OLD_TIME_ZONE=@@TIME_ZONE */;
/*!40103 SET TIME_ZONE='+00:00' */;
/*!40014 SET @OLD_UNIQUE_CHECKS=@@UNIQUE_CHECKS, UNIQUE_CHECKS=0 */;
/*!40014 SET @OLD_FOREIGN_KEY_CHECKS=@@FOREIGN_KEY_CHECKS, FOREIGN_KEY_CHECKS=0 */;
/*!40101 SET @OLD_SQL_MODE=@@SQL_MODE, SQL_MODE='NO_AUTO_VALUE_ON_ZERO' */;
/*!40111 SET @OLD_SQL_NOTES=@@SQL_NOTES, SQL_NOTES=0 */;

--
-- Table structure for table `bajasproductos`
--

DROP TABLE IF EXISTS `bajasproductos`;
/*!40101 SET @saved_cs_client     = @@character_set_client */;
/*!50503 SET character_set_client = utf8mb4 */;
CREATE TABLE `bajasproductos` (
  `Id_Baja` int NOT NULL AUTO_INCREMENT,
  `Cod_Producto` int NOT NULL,
  `Cod_Proveedor` int NOT NULL,
  `Fecha_Salida_Baja` date NOT NULL,
  `Fecha_Baja` datetime NOT NULL,
  `Cantidad` int NOT NULL,
  `Motivo` varchar(255) NOT NULL,
  PRIMARY KEY (`Id_Baja`),
  KEY `Cod_Producto` (`Cod_Producto`),
  KEY `Cod_Proveedor` (`Cod_Proveedor`),
  CONSTRAINT `bajasproductos_ibfk_1` FOREIGN KEY (`Cod_Producto`) REFERENCES `producto` (`Cod_Producto`),
  CONSTRAINT `bajasproductos_ibfk_2` FOREIGN KEY (`Cod_Proveedor`) REFERENCES `proveedor` (`Cod_Proveedor`)
) ENGINE=InnoDB AUTO_INCREMENT=10 DEFAULT CHARSET=utf8mb4 COLLATE=utf8mb4_0900_ai_ci;
/*!40101 SET character_set_client = @saved_cs_client */;

--
-- Dumping data for table `bajasproductos`
--

LOCK TABLES `bajasproductos` WRITE;
/*!40000 ALTER TABLE `bajasproductos` DISABLE KEYS */;
INSERT INTO `bajasproductos` VALUES (1,32,5,'2025-06-15','2025-06-15 20:43:08',12,'Producto Dañado'),(2,10,2,'2025-06-15','2025-06-15 21:22:02',10,'Producto Dañado'),(3,122,1,'2025-06-16','2025-06-16 23:37:51',10,'Producto Dañado'),(4,215,13,'2025-06-16','2025-06-16 23:38:15',2,'Producto oxidado o deteriorado'),(5,66,10,'2025-06-17','2025-06-17 21:35:44',20,'Producto Dañado'),(6,231,15,'2025-06-17','2025-06-17 21:35:57',5,'Uso interno'),(7,50,8,'2025-06-17','2025-06-17 21:36:12',5,'Producto Vencido'),(8,113,16,'2025-06-17','2025-06-17 21:39:55',20,'Producto oxidado o deteriorado'),(9,106,15,'2025-06-17','2025-06-17 21:40:43',3,'Producto oxidado o deteriorado');
/*!40000 ALTER TABLE `bajasproductos` ENABLE KEYS */;
UNLOCK TABLES;

--
-- Table structure for table `empleado`
--

DROP TABLE IF EXISTS `empleado`;
/*!40101 SET @saved_cs_client     = @@character_set_client */;
/*!50503 SET character_set_client = utf8mb4 */;
CREATE TABLE `empleado` (
  `Cod_Empleado` int NOT NULL AUTO_INCREMENT,
  `Nombre` varchar(50) CHARACTER SET utf8mb3 COLLATE utf8mb3_general_ci DEFAULT NULL,
  `Apellido` varchar(50) CHARACTER SET utf8mb3 COLLATE utf8mb3_general_ci DEFAULT NULL,
  `Direccion` varchar(100) CHARACTER SET utf8mb3 COLLATE utf8mb3_general_ci DEFAULT NULL,
  `Estado` enum('Activo','Inactivo') DEFAULT NULL,
  `FechaIngreso` timestamp NULL DEFAULT CURRENT_TIMESTAMP,
  `Cedula` varchar(14) DEFAULT NULL,
  `Contraseña` varchar(255) DEFAULT '1234',
  PRIMARY KEY (`Cod_Empleado`),
  CONSTRAINT `CHK_Cedula_Formato` CHECK (regexp_like(`Cedula`,_utf8mb4'^[0-9]{13}[A-Z]$'))
) ENGINE=InnoDB AUTO_INCREMENT=6 DEFAULT CHARSET=utf8mb4 COLLATE=utf8mb4_0900_ai_ci;
/*!40101 SET character_set_client = @saved_cs_client */;

--
-- Dumping data for table `empleado`
--

LOCK TABLES `empleado` WRITE;
/*!40000 ALTER TABLE `empleado` DISABLE KEYS */;
INSERT INTO `empleado` VALUES (1,'Luis','Torres','Barrio San Luis','Activo','2025-05-05 21:37:54','0012304561234A','$2b$10$nrKUIwz5qNlyBGI7eI3ceeb.mWWIwyxNAaJnOrbJBYN/MBdEzDItq'),(2,'Sofia','Alvarado','Colonial Luis','Activo','2025-05-18 03:19:26','0012610001030Y','$2b$10$bNDzrRXNy/oelBCtKlkz5OcmJ381lglaunwoHYZsWpAE2ltsQnGWG'),(3,'Jorge','Mendez','Barrio San Luis','Activo','2025-05-18 03:20:12','0013001972015Q','$2b$10$qQ7u4SMdMyIkCXsiLMno6esokfMyRN5O15.OdDUN5ZKD.IMAdw1sy'),(4,'Maria','Juarez','Barrio San Sebastian','Activo','2025-05-19 05:26:38','1112512983033M','$2b$10$z6vxc6Aqp6edbw4o.VFia.HhE2ae0hMAt/ABTDtw/La1sGh2ICzAy'),(5,'Paulo','Rivera','Barrio San Luis','Activo','2025-05-19 05:27:57','1810906954411J','$2b$10$k69KcY5u1WcPQ5Hxwzf0be/CFEOKphckPvbxg0vpi.fIC4W8vg/Fm');
/*!40000 ALTER TABLE `empleado` ENABLE KEYS */;
UNLOCK TABLES;

--
-- Table structure for table `producto`
--

DROP TABLE IF EXISTS `producto`;
/*!40101 SET @saved_cs_client     = @@character_set_client */;
/*!50503 SET character_set_client = utf8mb4 */;
CREATE TABLE `producto` (
  `Cod_Producto` int NOT NULL,
  `Nombre` varchar(50) DEFAULT NULL,
  `Marca` varchar(50) DEFAULT NULL,
  `FechaVencimiento` date DEFAULT NULL,
  `Sector` varchar(50) DEFAULT NULL,
  `Estado` varchar(20) CHARACTER SET utf8mb3 COLLATE utf8mb3_general_ci DEFAULT 'Activo',
  `Descripcion` varchar(32) DEFAULT NULL,
  PRIMARY KEY (`Cod_Producto`)
) ENGINE=InnoDB DEFAULT CHARSET=utf8mb4 COLLATE=utf8mb4_0900_ai_ci;
/*!40101 SET character_set_client = @saved_cs_client */;

--
-- Dumping data for table `producto`
--

LOCK TABLES `producto` WRITE;
/*!40000 ALTER TABLE `producto` DISABLE KEYS */;
INSERT INTO `producto` VALUES (1,'Martillo de acero','Truper',NULL,'Herramientas manuales','Activo','Estante 1, Repisa 3, Espacio 2'),(2,'Destornillador plano','Stanley',NULL,'Herramientas manuales','Activo','Estante 1, Repisa 2, Espacio 1'),(3,'Llave inglesa 12\"','Pretul',NULL,'Herramientas manuales','Activo','Estante 1, Repisa 4, Espacio 3'),(4,'Serrucho para madera','Irwin',NULL,'Herramientas manuales','Activo','Estante 1, Repisa 1, Espacio 4'),(5,'Tenaza universal','Surtek',NULL,'Herramientas manuales','Activo','Estante 1, Repisa 5, Espacio 1'),(6,'Cinta métrica 5m','Truper',NULL,'Herramientas manuales','Activo','Estante 1, Repisa 3, Espacio 4'),(7,'Formón 1/2\"','Stanley',NULL,'Herramientas manuales','Activo','Estante 1, Repisa 6, Espacio 2'),(8,'Nivel de mano 60cm','Kobalt',NULL,'Herramientas manuales','Activo','Estante 1, Repisa 2, Espacio 3'),(9,'Cuchilla retráctil','Stanley',NULL,'Herramientas manuales','Activo','Estante 1, Repisa 4, Espacio 1'),(10,'Alicate de presión','Irwin',NULL,'Herramientas manuales','Activo','Estante 1, Repisa 5, Espacio 2'),(11,'Lima para metal','Bahco',NULL,'Herramientas manuales','Activo','Estante 1, Repisa 1, Espacio 2'),(12,'Juego de llaves Allen','Pretul',NULL,'Herramientas manuales','Activo','Estante 1, Repisa 6, Espacio 3'),(13,'Cizalla para metal','Truper',NULL,'Herramientas manuales','Activo','Estante 1, Repisa 3, Espacio 1'),(14,'Extractor de clavos','Urrea',NULL,'Herramientas manuales','Activo','Estante 1, Repisa 2, Espacio 4'),(15,'Cepillo de carpintero','Stanley',NULL,'Herramientas manuales','Activo','Estante 1, Repisa 5, Espacio 3'),(16,'Taladro percutor 1/2\"','Bosch',NULL,'Herramientas eléctricas','Activo','Estante 2, Repisa 1, Espacio 1'),(17,'Pulidora 4.5\"','Dewalt',NULL,'Herramientas eléctricas','Activo','Estante 2, Repisa 3, Espacio 2'),(18,'Sierra circular 7\"','Makita',NULL,'Herramientas eléctricas','Activo','Estante 2, Repisa 2, Espacio 3'),(19,'Rotomartillo','Truper',NULL,'Herramientas eléctricas','Activo','Estante 2, Repisa 4, Espacio 1'),(20,'Multiherramienta oscilante','Dremel',NULL,'Herramientas eléctricas','Activo','Estante 2, Repisa 5, Espacio 2'),(21,'Pistola de calor','Black+Decker',NULL,'Herramientas eléctricas','Activo','Estante 2, Repisa 1, Espacio 3'),(22,'Lijadora orbital','Makita',NULL,'Herramientas eléctricas','Activo','Estante 2, Repisa 6, Espacio 4'),(23,'Fresadora de mano','Bosch',NULL,'Herramientas eléctricas','Activo','Estante 2, Repisa 3, Espacio 1'),(24,'Atornillador inalámbrico','Stanley',NULL,'Herramientas eléctricas','Activo','Estante 2, Repisa 4, Espacio 2'),(25,'Sierra caladora','Einhell',NULL,'Herramientas eléctricas','Activo','Estante 2, Repisa 2, Espacio 4'),(26,'Compresor de aire','Hyundai',NULL,'Herramientas eléctricas','Activo','Estante 2, Repisa 5, Espacio 3'),(27,'Lámpara portátil LED','Makita',NULL,'Herramientas eléctricas','Activo','Estante 2, Repisa 6, Espacio 1'),(28,'Cortador de azulejos eléctrico','Truper',NULL,'Herramientas eléctricas','Activo','Estante 2, Repisa 1, Espacio 2'),(29,'Cargador de baterías','Black+Decker',NULL,'Herramientas eléctricas','Activo','Estante 2, Repisa 3, Espacio 3'),(30,'Engrapadora eléctrica','Stanley',NULL,'Herramientas eléctricas','Activo','Estante 2, Repisa 4, Espacio 4'),(31,'Cemento Portland 50kg','Cemex','2026-03-01','Materiales de construcción','Activo','Estante 3, Repisa 6, Espacio 1'),(32,'Arena fina metro cúbico','Construmix',NULL,'Materiales de construcción','Activo','Estante 3, Repisa 5, Espacio 2'),(33,'Ladrillo rojo artesanal','LadriNica',NULL,'Materiales de construcción','Activo','Estante 3, Repisa 4, Espacio 3'),(34,'Bloque concreto 15x20x40','Construblock',NULL,'Materiales de construcción','Activo','Estante 3, Repisa 3, Espacio 4'),(35,'Hierro corrugado 3/8\"','MetalNica',NULL,'Materiales de construcción','Activo','Estante 3, Repisa 2, Espacio 1'),(36,'Malla electrosoldada','Construred',NULL,'Materiales de construcción','Activo','Estante 3, Repisa 1, Espacio 2'),(37,'Piedrín metro cúbico','AgregadosNica',NULL,'Materiales de construcción','Activo','Estante 3, Repisa 6, Espacio 3'),(38,'Pegamento para cerámica','Lanco','2025-12-10','Materiales de construcción','Activo','Estante 3, Repisa 5, Espacio 4'),(39,'Cal hidratada','CalNica',NULL,'Materiales de construcción','Activo','Estante 3, Repisa 4, Espacio 1'),(40,'Plancha de zinc','Zincalum',NULL,'Materiales de construcción','Activo','Estante 3, Repisa 3, Espacio 2'),(41,'Canaleta galvanizada','MetalNica',NULL,'Materiales de construcción','Activo','Estante 3, Repisa 2, Espacio 3'),(42,'Pintura impermeabilizante','Lanco','2025-11-05','Materiales de construcción','Activo','Estante 3, Repisa 1, Espacio 4'),(43,'Clavo de concreto 2\"','Pretul',NULL,'Materiales de construcción','Activo','Estante 3, Repisa 6, Espacio 2'),(44,'Yeso en saco 25kg','Suvinil',NULL,'Materiales de construcción','Activo','Estante 3, Repisa 5, Espacio 1'),(45,'Adhesivo para drywall','Truper',NULL,'Materiales de construcción','Activo','Estante 3, Repisa 4, Espacio 2'),(46,'Lija de agua 400','Norton',NULL,'Pinturas o accesorios','Activo','Estante 4, Repisa 1, Espacio 3'),(47,'Bandeja para pintura','Pretul',NULL,'Pinturas o accesorios','Activo','Estante 4, Repisa 2, Espacio 4'),(48,'Pintura en aerosol negra','Krylon','2025-05-18','Pinturas o accesorios','Activo','Estante 4, Repisa 3, Espacio 1'),(49,'Sellador para madera','Comex',NULL,'Pinturas o accesorios','Activo','Estante 4, Repisa 4, Espacio 2'),(50,'Disolvente industrial','ThinnerX','2026-08-15','Pinturas o accesorios','Activo','Estante 4, Repisa 5, Espacio 3'),(51,'Espátula metálica','Truper',NULL,'Pinturas o accesorios','Activo','Estante 4, Repisa 6, Espacio 4'),(52,'Pintura epóxica gris','Lanco','2027-01-10','Pinturas o accesorios','Activo','Estante 4, Repisa 1, Espacio 1'),(53,'Rodillo anti goteo','Truper',NULL,'Pinturas o accesorios','Activo','Estante 4, Repisa 2, Espacio 2'),(54,'Tinte color nogal','Comex','2026-11-01','Pinturas o accesorios','Activo','Estante 4, Repisa 3, Espacio 3'),(55,'Diluyente sintético','Pintulac','2026-09-30','Pinturas o accesorios','Activo','Estante 4, Repisa 4, Espacio 4'),(56,'Pintura acrílica blanca','Lanco','2025-05-25','Pinturas o accesorios','Activo','Estante 4, Repisa 5, Espacio 1'),(57,'Rodillo de lana','Truper',NULL,'Pinturas o accesorios','Activo','Estante 4, Repisa 6, Espacio 2'),(58,'Brocha de 2 pulgadas','Sur',NULL,'Pinturas o accesorios','Activo','Estante 4, Repisa 1, Espacio 3'),(59,'Remoedor de pintura','Lanco','2026-12-01','Pinturas o accesorios','Activo','Estante 4, Repisa 2, Espacio 4'),(60,'Cinta para enmascarar','3M',NULL,'Pinturas o accesorios','Activo','Estante 4, Repisa 3, Espacio 1'),(61,'Tubo PVC ½ pulgada','Amanco',NULL,'Tuberías y plomería','Activo','Estante 5, Repisa 4, Espacio 2'),(62,'Codo PVC 90°','Amanco',NULL,'Tuberías y plomería','Activo','Estante 5, Repisa 3, Espacio 3'),(63,'Tee PVC sanitaria','Amanco',NULL,'Tuberías y plomería','Activo','Estante 5, Repisa 2, Espacio 4'),(64,'Válvula esfera ½ pulgada','Hydroflow',NULL,'Tuberías y plomería','Activo','Estante 5, Repisa 1, Espacio 1'),(65,'Llave de paso ¾ pulgada','Genebre',NULL,'Tuberías y plomería','Activo','Estante 5, Repisa 6, Espacio 2'),(66,'Adaptador macho PVC','Amanco',NULL,'Tuberías y plomería','Activo','Estante 5, Repisa 5, Espacio 3'),(67,'Pegamento para PVC','Tigre','2026-09-01','Tuberías y plomería','Activo','Estante 5, Repisa 4, Espacio 4'),(68,'Manguera de jardín 10m','Pretul',NULL,'Tuberías y plomería','Activo','Estante 5, Repisa 3, Espacio 1'),(69,'Ducha de mano','Fybeca',NULL,'Tuberías y plomería','Activo','Estante 5, Repisa 2, Espacio 2'),(70,'Lavamanos cerámico','Corona',NULL,'Tuberías y plomería','Activo','Estante 5, Repisa 1, Espacio 3'),(71,'Grifo monomando','Hydrolite',NULL,'Tuberías y plomería','Activo','Estante 5, Repisa 6, Espacio 4'),(72,'Sifón flexible PVC','Siflex',NULL,'Tuberías y plomería','Activo','Estante 5, Repisa 5, Espacio 1'),(73,'Tanque para sanitario','Corona',NULL,'Tuberías y plomería','Activo','Estante 5, Repisa 4, Espacio 2'),(74,'Tubo PEX 3/8 pulgada','Rehau',NULL,'Tuberías y plomería','Activo','Estante 5, Repisa 3, Espacio 3'),(75,'Llave lavamanos sencilla','Truper',NULL,'Tuberías y plomería','Activo','Estante 5, Repisa 2, Espacio 4'),(76,'Interruptor sencillo','Bticino',NULL,'Electricidad e iluminación','Activo','Estante 6, Repisa 1, Espacio 1'),(77,'Tomacorriente doble','Bticino',NULL,'Electricidad e iluminación','Activo','Estante 6, Repisa 2, Espacio 2'),(78,'Caja para toma','Genérico',NULL,'Electricidad e iluminación','Activo','Estante 6, Repisa 3, Espacio 3'),(79,'Tubo conduit PVC ½ pulgada','Condutelec',NULL,'Electricidad e iluminación','Activo','Estante 6, Repisa 4, Espacio 4'),(80,'Cable THW 12 AWG','Centelsa',NULL,'Electricidad e iluminación','Activo','Estante 6, Repisa 5, Espacio 1'),(81,'Cable THW 14 AWG','Viakon',NULL,'Electricidad e iluminación','Activo','Estante 6, Repisa 6, Espacio 2'),(82,'Regleta de 6 tomas','Koblenz',NULL,'Electricidad e iluminación','Activo','Estante 6, Repisa 1, Espacio 3'),(83,'Foco LED 9W','Philips',NULL,'Electricidad e iluminación','Activo','Estante 6, Repisa 2, Espacio 4'),(84,'Foco ahorrador 14W','Sylvania',NULL,'Electricidad e iluminación','Activo','Estante 6, Repisa 3, Espacio 1'),(85,'Lámpara de techo','Luxtek',NULL,'Electricidad e iluminación','Activo','Estante 6, Repisa 4, Espacio 2'),(86,'Sensor de movimiento','Energizer',NULL,'Electricidad e iluminación','Activo','Estante 6, Repisa 5, Espacio 3'),(87,'Fotocelda','Veto',NULL,'Electricidad e iluminación','Activo','Estante 6, Repisa 6, Espacio 4'),(88,'Timbre inalámbrico','Honeywell',NULL,'Electricidad e iluminación','Activo','Estante 6, Repisa 1, Espacio 1'),(89,'Caja de distribución','Square D',NULL,'Electricidad e iluminación','Activo','Estante 6, Repisa 2, Espacio 2'),(90,'Breakers 20A','Schneider',NULL,'Electricidad e iluminación','Activo','Estante 6, Repisa 3, Espacio 3'),(91,'Casco de seguridad','3M',NULL,'Seguridad industrial','Activo','Estante 7, Repisa 4, Espacio 4'),(92,'Guantes de cuero','Delta Plus',NULL,'Seguridad industrial','Activo','Estante 7, Repisa 5, Espacio 1'),(93,'Lentes de protección','Honeywell',NULL,'Seguridad industrial','Activo','Estante 7, Repisa 6, Espacio 2'),(94,'Botas dieléctricas','Industrial Safety',NULL,'Seguridad industrial','Activo','Estante 7, Repisa 1, Espacio 3'),(95,'Chaleco reflectivo','Segurimax',NULL,'Seguridad industrial','Activo','Estante 7, Repisa 2, Espacio 4'),(96,'Protector auditivo tipo copa','3M',NULL,'Seguridad industrial','Activo','Estante 7, Repisa 3, Espacio 1'),(97,'Respirador con filtros','3M',NULL,'Seguridad industrial','Activo','Estante 7, Repisa 4, Espacio 2'),(98,'Arnés de seguridad','MSA',NULL,'Seguridad industrial','Activo','Estante 7, Repisa 5, Espacio 3'),(99,'Rodilleras','Protec',NULL,'Seguridad industrial','Activo','Estante 7, Repisa 6, Espacio 4'),(100,'Faja lumbar','Seguridad Total',NULL,'Seguridad industrial','Activo','Estante 7, Repisa 1, Espacio 1'),(101,'Extintor multipropósito 10 lbs','Kidde','2029-01-01','Seguridad industrial','Activo','Estante 7, Repisa 2, Espacio 2'),(102,'Máscara de soldadura','Lincoln Electric',NULL,'Seguridad industrial','Activo','Estante 7, Repisa 3, Espacio 3'),(103,'Impermeable industrial','Stormline',NULL,'Seguridad industrial','Activo','Estante 7, Repisa 4, Espacio 4'),(104,'Detector de gas portátil','BW Technologies',NULL,'Seguridad industrial','Activo','Estante 7, Repisa 5, Espacio 1'),(105,'Botiquín de primeros auxilios','Genérico',NULL,'Seguridad industrial','Activo','Estante 7, Repisa 6, Espacio 2'),(106,'Candado de acero 50mm','Yale',NULL,'Productos de ferretería general','Activo','Estante 8, Repisa 1, Espacio 3'),(107,'Flexómetro 5m','Truper',NULL,'Productos de ferretería general','Activo','Estante 8, Repisa 2, Espacio 4'),(108,'Cinta aislante','3M',NULL,'Productos de ferretería general','Activo','Estante 8, Repisa 3, Espacio 1'),(109,'Teflón para roscas','Genérico',NULL,'Productos de ferretería general','Activo','Estante 8, Repisa 4, Espacio 2'),(110,'Llave ajustable 10\"','Pretul',NULL,'Productos de ferretería general','Activo','Estante 8, Repisa 5, Espacio 3'),(111,'Nivel de mano 30cm','Stanley',NULL,'Productos de ferretería general','Activo','Estante 8, Repisa 6, Espacio 4'),(112,'Destornillador plano 6\"','Truper',NULL,'Productos de ferretería general','Activo','Estante 8, Repisa 1, Espacio 1'),(113,'Destornillador Phillips 6\"','Truper',NULL,'Productos de ferretería general','Activo','Estante 8, Repisa 2, Espacio 2'),(114,'Caja de herramientas plástica','Toolcraft',NULL,'Productos de ferretería general','Activo','Estante 8, Repisa 3, Espacio 3'),(115,'Silicón sellador transparente','Fester',NULL,'Productos de ferretería general','Activo','Estante 8, Repisa 4, Espacio 4'),(116,'Tornillos para concreto 2\"','Fiero',NULL,'Productos de ferretería general','Activo','Estante 8, Repisa 5, Espacio 1'),(117,'Pega instantánea','UHU',NULL,'Productos de ferretería general','Activo','Estante 8, Repisa 6, Espacio 2'),(118,'Llave hexagonal juego 10 pzas','Stanley',NULL,'Productos de ferretería general','Activo','Estante 8, Repisa 1, Espacio 3'),(119,'Pulidora angular 4.5\"','DeWalt',NULL,'Productos de ferretería general','Activo','Estante 8, Repisa 2, Espacio 4'),(120,'Brochas para pintar 3\"','Pintuco',NULL,'Productos de ferretería general','Activo','Estante 8, Repisa 3, Espacio 1'),(121,'Martillo de bola 16oz','Stanley',NULL,'Herramientas manuales','Activo','Estante 1, Repisa 7, Espacio 1'),(122,'Alicate de corte diagonal','Irwin',NULL,'Herramientas manuales','Activo','Estante 1, Repisa 7, Espacio 2'),(123,'Llave francesa 8\"','Truper',NULL,'Herramientas manuales','Activo','Estante 1, Repisa 7, Espacio 3'),(124,'Juego de destornilladores 6pzs','Stanley',NULL,'Herramientas manuales','Activo','Estante 1, Repisa 7, Espacio 4'),(125,'Cincel para concreto 3/4\"','Pretul',NULL,'Herramientas manuales','Activo','Estante 1, Repisa 8, Espacio 1'),(126,'Raspador de pintura','Red Devil',NULL,'Herramientas manuales','Activo','Estante 1, Repisa 8, Espacio 2'),(127,'Pinza de punta larga','Irwin',NULL,'Herramientas manuales','Activo','Estante 1, Repisa 8, Espacio 3'),(128,'Martillo de uña 20oz','Estwing',NULL,'Herramientas manuales','Activo','Estante 1, Repisa 8, Espacio 4'),(129,'Llave de tubo 14mm','Truper',NULL,'Herramientas manuales','Activo','Estante 1, Repisa 9, Espacio 1'),(130,'Cortador de alambre','Knipex',NULL,'Herramientas manuales','Activo','Estante 1, Repisa 9, Espacio 2'),(131,'Juego de dados 1/2\"','Stanley',NULL,'Herramientas manuales','Activo','Estante 1, Repisa 9, Espacio 3'),(132,'Gubia para madera','Irwin',NULL,'Herramientas manuales','Activo','Estante 1, Repisa 9, Espacio 4'),(133,'Pala cuadrada','Truper',NULL,'Herramientas manuales','Activo','Estante 1, Repisa 10, Espacio 1'),(134,'Azadón jardín','Fiskars',NULL,'Herramientas manuales','Activo','Estante 1, Repisa 10, Espacio 2'),(135,'Barreta 30\"','Stanley',NULL,'Herramientas manuales','Activo','Estante 1, Repisa 10, Espacio 3'),(136,'Esmeril angular 7\"','Bosch',NULL,'Herramientas eléctricas','Activo','Estante 2, Repisa 7, Espacio 1'),(137,'Sierra de mesa 10\"','Dewalt',NULL,'Herramientas eléctricas','Activo','Estante 2, Repisa 7, Espacio 2'),(138,'Taladro inalámbrico 18V','Makita',NULL,'Herramientas eléctricas','Activo','Estante 2, Repisa 7, Espacio 3'),(139,'Lijadora de banda 3x21\"','Black+Decker',NULL,'Herramientas eléctricas','Activo','Estante 2, Repisa 7, Espacio 4'),(140,'Sierra sable recíproca','Truper',NULL,'Herramientas eléctricas','Activo','Estante 2, Repisa 8, Espacio 1'),(141,'Cortadora de cerámica','Skil',NULL,'Herramientas eléctricas','Activo','Estante 2, Repisa 8, Espacio 2'),(142,'Soldadora inversora 140A','Lincoln',NULL,'Herramientas eléctricas','Activo','Estante 2, Repisa 8, Espacio 3'),(143,'Aspiradora para obra','Stanley',NULL,'Herramientas eléctricas','Activo','Estante 2, Repisa 8, Espacio 4'),(144,'Hidrolavadora 1600psi','Karcher',NULL,'Herramientas eléctricas','Activo','Estante 2, Repisa 9, Espacio 1'),(145,'Compresor portátil 6gal','California Air',NULL,'Herramientas eléctricas','Activo','Estante 2, Repisa 9, Espacio 2'),(146,'Router de inmersión','Bosch',NULL,'Herramientas eléctricas','Activo','Estante 2, Repisa 9, Espacio 3'),(147,'Cepillo eléctrico para madera','Dewalt',NULL,'Herramientas eléctricas','Activo','Estante 2, Repisa 9, Espacio 4'),(148,'Grapadora eléctrica','Arrow',NULL,'Herramientas eléctricas','Activo','Estante 2, Repisa 10, Espacio 1'),(149,'Cortadora de plasma','Hypertherm',NULL,'Herramientas eléctricas','Activo','Estante 2, Repisa 10, Espacio 2'),(150,'Generador portátil 3500W','Honda',NULL,'Herramientas eléctricas','Activo','Estante 2, Repisa 10, Espacio 3'),(151,'Yeso fino 25kg','Knauf',NULL,'Materiales de construcción','Activo','Estante 3, Repisa 7, Espacio 1'),(152,'Varilla corrugada 1/2\"','AcerosA',NULL,'Materiales de construcción','Activo','Estante 3, Repisa 7, Espacio 2'),(153,'Teja colonial','Tejalum',NULL,'Materiales de construcción','Activo','Estante 3, Repisa 7, Espacio 3'),(154,'Mortero seco 40kg','Pegamix',NULL,'Materiales de construcción','Activo','Estante 3, Repisa 7, Espacio 4'),(155,'Tubo PVC 4\" para drenaje','Durman',NULL,'Materiales de construcción','Activo','Estante 3, Repisa 8, Espacio 1'),(156,'Perfil metálico C-100','AcerosB',NULL,'Materiales de construcción','Activo','Estante 3, Repisa 8, Espacio 2'),(157,'Panel de yeso 1/2\"','Panel Rey',NULL,'Materiales de construcción','Activo','Estante 3, Repisa 8, Espacio 3'),(158,'Aditivo para concreto','Sika',NULL,'Materiales de construcción','Activo','Estante 3, Repisa 8, Espacio 4'),(159,'Lámina acanalada 3m','Galvatec',NULL,'Materiales de construcción','Activo','Estante 3, Repisa 9, Espacio 1'),(160,'Polietileno 6mm','Plastitec',NULL,'Materiales de construcción','Activo','Estante 3, Repisa 9, Espacio 2'),(161,'Malla gallinera','MallasNica',NULL,'Materiales de construcción','Activo','Estante 3, Repisa 9, Espacio 3'),(162,'Tornillo para lámina','Teks',NULL,'Materiales de construcción','Activo','Estante 3, Repisa 9, Espacio 4'),(163,'Pegamento para PVC','Oatey','2026-10-15','Materiales de construcción','Activo','Estante 3, Repisa 10, Espacio 1'),(164,'Cinta para ductos','Nashua',NULL,'Materiales de construcción','Activo','Estante 3, Repisa 10, Espacio 2'),(165,'Geotextil no tejido','Texdelta',NULL,'Materiales de construcción','Activo','Estante 3, Repisa 10, Espacio 3'),(166,'Pintura látex mate blanco','Sherwin-Williams','2026-06-20','Pinturas o accesorios','Activo','Estante 4, Repisa 7, Espacio 1'),(167,'Barniz poliuretánico','Varathane','2026-08-15','Pinturas o accesorios','Activo','Estante 4, Repisa 7, Espacio 2'),(168,'Pintura en aerosol plateada','Rust-Oleum','2025-12-10','Pinturas o accesorios','Activo','Estante 4, Repisa 7, Espacio 3'),(169,'Rodillo de espuma','Purdy',NULL,'Pinturas o accesorios','Activo','Estante 4, Repisa 7, Espacio 4'),(170,'Pintura anticorrosiva','PPG','2026-05-30','Pinturas o accesorios','Activo','Estante 4, Repisa 8, Espacio 1'),(171,'Tinte para madera caoba','Minwax','2026-09-01','Pinturas o accesorios','Activo','Estante 4, Repisa 8, Espacio 2'),(172,'Pintura epóxica para pisos','Rust-Oleum','2026-11-15','Pinturas o accesorios','Activo','Estante 4, Repisa 8, Espacio 3'),(173,'Brocha angular 2\"','Wooster',NULL,'Pinturas o accesorios','Activo','Estante 4, Repisa 8, Espacio 4'),(174,'Pintura en aerosol dorada','Krylon','2025-10-20','Pinturas o accesorios','Activo','Estante 4, Repisa 9, Espacio 1'),(175,'Sellador acrílico','DAP','2026-07-10','Pinturas o accesorios','Activo','Estante 4, Repisa 9, Espacio 2'),(176,'Pintura chalk paint','Annie Sloan','2026-04-05','Pinturas o accesorios','Activo','Estante 4, Repisa 9, Espacio 3'),(177,'Rodillo texturizador','Harris',NULL,'Pinturas o accesorios','Activo','Estante 4, Repisa 9, Espacio 4'),(178,'Pintura para pizarra','Benjamin Moore','2026-03-15','Pinturas o accesorios','Activo','Estante 4, Repisa 10, Espacio 1'),(179,'Protector para madera exterior','Cabot','2026-10-01','Pinturas o accesorios','Activo','Estante 4, Repisa 10, Espacio 2'),(180,'Pintura metálica automotriz','Dupli-Color','2025-11-30','Pinturas o accesorios','Activo','Estante 4, Repisa 10, Espacio 3'),(181,'Tubo CPVC 3/4\"','FlowGuard',NULL,'Tuberías y plomería','Activo','Estante 5, Repisa 7, Espacio 1'),(182,'Válvula check 1\"','Nibco',NULL,'Tuberías y plomería','Activo','Estante 5, Repisa 7, Espacio 2'),(183,'Unión universal PVC','Lasco',NULL,'Tuberías y plomería','Activo','Estante 5, Repisa 7, Espacio 3'),(184,'Bomba sumergible 1HP','Grundfos',NULL,'Tuberías y plomería','Activo','Estante 5, Repisa 7, Espacio 4'),(185,'Tubo de cobre tipo L 1/2\"','Mueller',NULL,'Tuberías y plomería','Activo','Estante 5, Repisa 8, Espacio 1'),(186,'Codo cobre 90° 3/4\"','Nibco',NULL,'Tuberías y plomería','Activo','Estante 5, Repisa 8, Espacio 2'),(187,'Válvula de compuerta 2\"','ValvTec',NULL,'Tuberías y plomería','Activo','Estante 5, Repisa 8, Espacio 3'),(188,'Filtro de sedimentos','Culligan',NULL,'Tuberías y plomería','Activo','Estante 5, Repisa 8, Espacio 4'),(189,'Tubo polietileno 1\"','Pexgol',NULL,'Tuberías y plomería','Activo','Estante 5, Repisa 9, Espacio 1'),(190,'Registro de limpieza 4\"','Spears',NULL,'Tuberías y plomería','Activo','Estante 5, Repisa 9, Espacio 2'),(191,'Bomba presurizadora','Siemens',NULL,'Tuberías y plomería','Activo','Estante 5, Repisa 9, Espacio 3'),(192,'Termofusión para PEX','Uponor',NULL,'Tuberías y plomería','Activo','Estante 5, Repisa 9, Espacio 4'),(193,'Tanque hidroneumático','Wellmate',NULL,'Tuberías y plomería','Activo','Estante 5, Repisa 10, Espacio 1'),(194,'Válvula reductora de presión','Watts',NULL,'Tuberías y plomería','Activo','Estante 5, Repisa 10, Espacio 2'),(195,'Sifón para lavabo','Keeney',NULL,'Tuberías y plomería','Activo','Estante 5, Repisa 10, Espacio 3'),(196,'Interruptor de tres vías','Legrand',NULL,'Electricidad e iluminación','Activo','Estante 6, Repisa 7, Espacio 1'),(197,'Panel eléctrico 100A','Siemens',NULL,'Electricidad e iluminación','Activo','Estante 6, Repisa 7, Espacio 2'),(198,'Cable THHN 10 AWG','Cerrowire',NULL,'Electricidad e iluminación','Activo','Estante 6, Repisa 7, Espacio 3'),(199,'Tubo EMT 3/4\"','Allied Tube',NULL,'Electricidad e iluminación','Activo','Estante 6, Repisa 7, Espacio 4'),(200,'Foco LED PAR38','GE',NULL,'Electricidad e iluminación','Activo','Estante 6, Repisa 8, Espacio 1'),(201,'Transformador 12V 60W','Hubbell',NULL,'Electricidad e iluminación','Activo','Estante 6, Repisa 8, Espacio 2'),(202,'Tira LED 5m','Philips Hue',NULL,'Electricidad e iluminación','Activo','Estante 6, Repisa 8, Espacio 3'),(203,'Contacto GFCI 15A','Leviton',NULL,'Electricidad e iluminación','Activo','Estante 6, Repisa 8, Espacio 4'),(204,'Barrera luminosa LED','Lithonia',NULL,'Electricidad e iluminación','Activo','Estante 6, Repisa 9, Espacio 1'),(205,'Batería de respaldo UPS','APC',NULL,'Electricidad e iluminación','Activo','Estante 6, Repisa 9, Espacio 2'),(206,'Ventilador de techo','Hunter',NULL,'Electricidad e iluminación','Activo','Estante 6, Repisa 9, Espacio 3'),(207,'Lámpara de emergencia','Dual-Lite',NULL,'Electricidad e iluminación','Activo','Estante 6, Repisa 9, Espacio 4'),(208,'Terminal a presión','Ideal',NULL,'Electricidad e iluminación','Activo','Estante 6, Repisa 10, Espacio 1'),(209,'Tester digital','Fluke',NULL,'Electricidad e iluminación','Activo','Estante 6, Repisa 10, Espacio 2'),(210,'Canaleta para cable','Wiremold',NULL,'Electricidad e iluminación','Activo','Estante 6, Repisa 10, Espacio 3'),(211,'Casco con visor integral','MSA',NULL,'Seguridad industrial','Activo','Estante 7, Repisa 7, Espacio 1'),(212,'Guantes anti corte','Ansell',NULL,'Seguridad industrial','Activo','Estante 7, Repisa 7, Espacio 2'),(213,'Calzado con punta de acero','Timberland PRO',NULL,'Seguridad industrial','Activo','Estante 7, Repisa 7, Espacio 3'),(214,'Protector facial para soldar','Jackson Safety',NULL,'Seguridad industrial','Activo','Estante 7, Repisa 7, Espacio 4'),(215,'Arnés de cuerpo completo','Guardian Fall',NULL,'Seguridad industrial','Activo','Estante 7, Repisa 8, Espacio 1'),(216,'Mascarilla N95','3M',NULL,'Seguridad industrial','Activo','Estante 7, Repisa 8, Espacio 2'),(217,'Overol ignífugo','Bulwark',NULL,'Seguridad industrial','Activo','Estante 7, Repisa 8, Espacio 3'),(218,'Kit de derrames químicos','SpillTech',NULL,'Seguridad industrial','Activo','Estante 7, Repisa 8, Espacio 4'),(219,'Señalética de seguridad','Brady',NULL,'Seguridad industrial','Activo','Estante 7, Repisa 9, Espacio 1'),(220,'Lámpara de seguridad intrínseca','Pellon',NULL,'Seguridad industrial','Activo','Estante 7, Repisa 9, Espacio 2'),(221,'Tapones auditivos','Honeywell',NULL,'Seguridad industrial','Activo','Estante 7, Repisa 9, Espacio 3'),(222,'Respirador de media cara','North',NULL,'Seguridad industrial','Activo','Estante 7, Repisa 9, Espacio 4'),(223,'Extintor CO2 5lbs','Amerex','2029-03-01','Seguridad industrial','Activo','Estante 7, Repisa 10, Espacio 1'),(224,'Kit de primeros auxilios','First Aid Only',NULL,'Seguridad industrial','Activo','Estante 7, Repisa 10, Espacio 2'),(225,'Ducha de emergencia','Haws',NULL,'Seguridad industrial','Activo','Estante 7, Repisa 10, Espacio 3'),(226,'Juego de llaves combinadas','Gedore',NULL,'Productos de ferretería general','Activo','Estante 8, Repisa 7, Espacio 1'),(227,'Cinta métrica láser 50m','Leica',NULL,'Productos de ferretería general','Activo','Estante 8, Repisa 7, Espacio 2'),(228,'Pinzas de punta fina','Knipex',NULL,'Productos de ferretería general','Activo','Estante 8, Repisa 7, Espacio 3'),(229,'Nivel láser','Bosch',NULL,'Productos de ferretería general','Activo','Estante 8, Repisa 7, Espacio 4'),(230,'Juego de dados de impacto','Sunex',NULL,'Productos de ferretería general','Activo','Estante 8, Repisa 8, Espacio 1'),(231,'Cortador de vidrio','Toyo',NULL,'Productos de ferretería general','Activo','Estante 8, Repisa 8, Espacio 2'),(232,'Escuadra magnética','Empire',NULL,'Productos de ferretería general','Activo','Estante 8, Repisa 8, Espacio 3'),(233,'Sierra para metales','Lenox',NULL,'Productos de ferretería general','Activo','Estante 8, Repisa 8, Espacio 4'),(234,'Taladro de banco','Jet',NULL,'Productos de ferretería general','Activo','Estante 8, Repisa 9, Espacio 1'),(235,'Compás de precisión','Starrett',NULL,'Productos de ferretería general','Activo','Estante 8, Repisa 9, Espacio 2'),(236,'Gramil ajustable','Veritas',NULL,'Productos de ferretería general','Activo','Estante 8, Repisa 9, Espacio 3'),(237,'Micrómetro digital','Mitutoyo',NULL,'Productos de ferretería general','Activo','Estante 8, Repisa 9, Espacio 4'),(238,'Calibrador pie de rey','Brown & Sharpe',NULL,'Productos de ferretería general','Activo','Estante 8, Repisa 10, Espacio 1'),(239,'Torquímetro','Snap-on',NULL,'Productos de ferretería general','Activo','Estante 8, Repisa 10, Espacio 2'),(240,'Multímetro digital','Klein Tools',NULL,'Productos de ferretería general','Activo','Estante 8, Repisa 10, Espacio 3');
/*!40000 ALTER TABLE `producto` ENABLE KEYS */;
UNLOCK TABLES;

--
-- Table structure for table `productventa`
--

DROP TABLE IF EXISTS `productventa`;
/*!40101 SET @saved_cs_client     = @@character_set_client */;
/*!50503 SET character_set_client = utf8mb4 */;
CREATE TABLE `productventa` (
  `Cod_Producto` int NOT NULL,
  `Cod_Venta` int NOT NULL,
  `Metodo_Pago` varchar(50) CHARACTER SET utf8mb3 COLLATE utf8mb3_general_ci DEFAULT NULL,
  `Precio_Venta` float DEFAULT NULL,
  `Cantidad_Venta` float DEFAULT NULL,
  `Sector` varchar(50) CHARACTER SET utf8mb3 COLLATE utf8mb3_general_ci DEFAULT NULL,
  `Fecha_salida` date DEFAULT NULL,
  PRIMARY KEY (`Cod_Venta`,`Cod_Producto`),
  KEY `Cod_Producto` (`Cod_Producto`),
  CONSTRAINT `productventa_ibfk_1` FOREIGN KEY (`Cod_Producto`) REFERENCES `producto` (`Cod_Producto`),
  CONSTRAINT `productventa_ibfk_2` FOREIGN KEY (`Cod_Venta`) REFERENCES `venta` (`Cod_Venta`)
) ENGINE=InnoDB DEFAULT CHARSET=utf8mb4 COLLATE=utf8mb4_0900_ai_ci;
/*!40101 SET character_set_client = @saved_cs_client */;

--
-- Dumping data for table `productventa`
--

LOCK TABLES `productventa` WRITE;
/*!40000 ALTER TABLE `productventa` DISABLE KEYS */;
INSERT INTO `productventa` VALUES (152,1,'Efectivo',363.14,10,'Materiales de construcción','2025-02-01'),(84,2,'Transferencia',5.55,23,'Electricidad e iluminación','2025-02-01'),(24,3,'Tarjeta',110.73,20,'Herramientas eléctricas','2025-02-01'),(223,4,'Tarjeta',422.05,20,'Seguridad industrial','2025-02-01'),(152,5,'Efectivo',321.33,19,'Materiales de construcción','2025-02-01'),(165,6,'Transferencia',156.84,15,'Materiales de construcción','2025-02-01'),(69,7,'Efectivo',15.57,9,'Tuberías y plomería','2025-02-01'),(169,8,'Transferencia',207.42,5,'Pinturas o accesorios','2025-02-01'),(197,9,'Transferencia',150.22,17,'Electricidad e iluminación','2025-02-01'),(158,10,'Tarjeta',269.57,16,'Materiales de construcción','2025-02-01'),(35,11,'Efectivo',116.52,3,'Materiales de construcción','2025-02-01'),(78,12,'Efectivo',388.06,21,'Electricidad e iluminación','2025-02-01'),(147,13,'Tarjeta',263.45,24,'Herramientas eléctricas','2025-02-01'),(134,14,'Transferencia',486.83,20,'Herramientas manuales','2025-02-01'),(82,15,'Transferencia',231.5,6,'Electricidad e iluminación','2025-02-01'),(175,16,'Efectivo',59.69,5,'Pinturas o accesorios','2025-02-02'),(175,17,'Transferencia',185.12,15,'Pinturas o accesorios','2025-02-02'),(27,18,'Efectivo',120.74,7,'Herramientas eléctricas','2025-02-02'),(145,19,'Tarjeta',369.94,23,'Herramientas eléctricas','2025-02-02'),(77,20,'Efectivo',423.38,9,'Electricidad e iluminación','2025-02-02'),(84,21,'Tarjeta',113.96,25,'Electricidad e iluminación','2025-02-02'),(76,22,'Transferencia',414.52,15,'Electricidad e iluminación','2025-02-02'),(42,23,'Tarjeta',196.39,12,'Materiales de construcción','2025-02-02'),(124,24,'Efectivo',79.2,20,'Herramientas manuales','2025-02-02'),(51,25,'Efectivo',98.57,19,'Pinturas o accesorios','2025-02-02'),(134,26,'Transferencia',77.36,25,'Herramientas manuales','2025-02-02'),(183,27,'Transferencia',459.28,4,'Tuberías y plomería','2025-02-02'),(157,28,'Transferencia',390.31,16,'Materiales de construcción','2025-02-02'),(139,29,'Efectivo',114.57,22,'Herramientas eléctricas','2025-02-02'),(109,30,'Tarjeta',13.42,14,'Productos de ferretería general','2025-02-02'),(176,31,'Tarjeta',115.61,22,'Pinturas o accesorios','2025-02-03'),(43,32,'Efectivo',293.07,15,'Materiales de construcción','2025-02-03'),(186,33,'Efectivo',171.16,11,'Tuberías y plomería','2025-02-03'),(67,34,'Transferencia',450.44,18,'Tuberías y plomería','2025-02-03'),(55,35,'Tarjeta',113.88,14,'Pinturas o accesorios','2025-02-03'),(133,36,'Efectivo',276.99,2,'Herramientas manuales','2025-02-03'),(240,37,'Efectivo',193.3,4,'Productos de ferretería general','2025-02-03'),(69,38,'Transferencia',458.96,7,'Tuberías y plomería','2025-02-03'),(211,39,'Tarjeta',254.17,19,'Seguridad industrial','2025-02-03'),(82,40,'Transferencia',223.41,6,'Electricidad e iluminación','2025-02-03'),(83,41,'Tarjeta',241.27,25,'Electricidad e iluminación','2025-02-03'),(201,42,'Tarjeta',166.63,9,'Electricidad e iluminación','2025-02-03'),(157,43,'Tarjeta',29.61,10,'Materiales de construcción','2025-02-03'),(132,44,'Transferencia',124.57,9,'Herramientas manuales','2025-02-03'),(212,45,'Transferencia',58.55,24,'Seguridad industrial','2025-02-03'),(82,46,'Efectivo',17.63,22,'Electricidad e iluminación','2025-02-04'),(142,47,'Transferencia',226.57,14,'Herramientas eléctricas','2025-02-04'),(199,48,'Transferencia',107.1,2,'Electricidad e iluminación','2025-02-04'),(19,49,'Efectivo',198.99,6,'Herramientas eléctricas','2025-02-04'),(227,50,'Transferencia',329.14,22,'Productos de ferretería general','2025-02-04'),(203,51,'Transferencia',13.2,4,'Electricidad e iluminación','2025-02-04'),(9,52,'Tarjeta',478.64,11,'Herramientas manuales','2025-02-04'),(221,53,'Transferencia',382.54,10,'Seguridad industrial','2025-02-04'),(64,54,'Transferencia',124.92,21,'Tuberías y plomería','2025-02-04'),(103,55,'Tarjeta',205.09,15,'Seguridad industrial','2025-02-04'),(145,56,'Efectivo',134.57,17,'Herramientas eléctricas','2025-02-04'),(204,57,'Efectivo',491.56,24,'Electricidad e iluminación','2025-02-04'),(82,58,'Tarjeta',309.21,21,'Electricidad e iluminación','2025-02-04'),(50,59,'Efectivo',460.63,8,'Pinturas o accesorios','2025-02-04'),(92,60,'Tarjeta',167.21,15,'Seguridad industrial','2025-02-04'),(118,61,'Efectivo',130.49,8,'Productos de ferretería general','2025-02-05'),(201,62,'Transferencia',132.67,5,'Electricidad e iluminación','2025-02-05'),(96,63,'Efectivo',52,3,'Seguridad industrial','2025-02-05'),(136,64,'Transferencia',109.13,10,'Herramientas eléctricas','2025-02-05'),(90,65,'Transferencia',368.05,3,'Electricidad e iluminación','2025-02-05'),(166,66,'Transferencia',179.76,14,'Pinturas o accesorios','2025-02-05'),(7,67,'Efectivo',398,10,'Herramientas manuales','2025-02-05'),(97,68,'Transferencia',281.3,9,'Seguridad industrial','2025-02-05'),(88,69,'Transferencia',330.14,7,'Electricidad e iluminación','2025-02-05'),(110,70,'Efectivo',363.87,15,'Productos de ferretería general','2025-02-05'),(43,71,'Efectivo',198.88,7,'Materiales de construcción','2025-02-05'),(45,72,'Transferencia',64.18,24,'Materiales de construcción','2025-02-05'),(56,73,'Efectivo',6.44,22,'Pinturas o accesorios','2025-02-05'),(63,74,'Transferencia',223.76,9,'Tuberías y plomería','2025-02-05'),(80,75,'Transferencia',458.32,6,'Electricidad e iluminación','2025-02-05'),(92,76,'Transferencia',356.96,25,'Seguridad industrial','2025-02-06'),(14,77,'Transferencia',218.99,16,'Herramientas manuales','2025-02-06'),(30,78,'Efectivo',429.91,15,'Herramientas eléctricas','2025-02-06'),(12,79,'Efectivo',376.52,17,'Herramientas manuales','2025-02-06'),(229,80,'Efectivo',440.01,23,'Productos de ferretería general','2025-02-06'),(151,81,'Efectivo',278.37,3,'Materiales de construcción','2025-02-06'),(158,82,'Transferencia',108.3,11,'Materiales de construcción','2025-02-06'),(200,83,'Transferencia',400.31,5,'Electricidad e iluminación','2025-02-06'),(211,84,'Tarjeta',206.25,14,'Seguridad industrial','2025-02-06'),(167,85,'Tarjeta',194.85,20,'Pinturas o accesorios','2025-02-06'),(181,86,'Tarjeta',268.23,23,'Tuberías y plomería','2025-02-06'),(6,87,'Efectivo',219.74,2,'Herramientas manuales','2025-02-06'),(10,88,'Tarjeta',225.22,15,'Herramientas manuales','2025-02-06'),(29,89,'Tarjeta',51.4,6,'Herramientas eléctricas','2025-02-06'),(51,90,'Transferencia',49.2,18,'Pinturas o accesorios','2025-02-06'),(234,91,'Tarjeta',311.74,6,'Productos de ferretería general','2025-02-07'),(58,92,'Tarjeta',93.59,13,'Pinturas o accesorios','2025-02-07'),(58,93,'Tarjeta',255.89,12,'Pinturas o accesorios','2025-02-07'),(215,94,'Tarjeta',139.53,7,'Seguridad industrial','2025-02-07'),(87,95,'Transferencia',465.72,11,'Electricidad e iluminación','2025-02-07'),(133,96,'Efectivo',354.04,7,'Herramientas manuales','2025-02-07'),(121,97,'Transferencia',154.09,3,'Herramientas manuales','2025-02-07'),(171,98,'Transferencia',222.99,3,'Pinturas o accesorios','2025-02-07'),(206,99,'Efectivo',494.49,12,'Electricidad e iluminación','2025-02-07'),(166,100,'Transferencia',445.01,24,'Pinturas o accesorios','2025-02-07'),(238,101,'Tarjeta',85.49,9,'Productos de ferretería general','2025-02-07'),(47,102,'Transferencia',131.33,23,'Pinturas o accesorios','2025-02-07'),(46,103,'Efectivo',215.67,20,'Pinturas o accesorios','2025-02-07'),(6,104,'Efectivo',366.33,11,'Herramientas manuales','2025-02-07'),(29,105,'Tarjeta',251.52,5,'Herramientas eléctricas','2025-02-07'),(83,106,'Efectivo',205.64,11,'Electricidad e iluminación','2025-02-08'),(110,107,'Efectivo',497.97,8,'Productos de ferretería general','2025-02-08'),(228,108,'Tarjeta',495.14,9,'Productos de ferretería general','2025-02-08'),(137,109,'Transferencia',314.55,6,'Herramientas eléctricas','2025-02-08'),(118,110,'Efectivo',458.49,13,'Productos de ferretería general','2025-02-08'),(15,111,'Efectivo',450.99,6,'Herramientas manuales','2025-02-08'),(35,112,'Tarjeta',28.02,18,'Materiales de construcción','2025-02-08'),(220,113,'Efectivo',356.06,5,'Seguridad industrial','2025-02-08'),(107,114,'Tarjeta',445.14,21,'Productos de ferretería general','2025-02-08'),(160,115,'Tarjeta',440.8,14,'Materiales de construcción','2025-02-08'),(161,116,'Transferencia',138.34,7,'Materiales de construcción','2025-02-08'),(72,117,'Transferencia',173.95,21,'Tuberías y plomería','2025-02-08'),(56,118,'Tarjeta',200.76,24,'Pinturas o accesorios','2025-02-08'),(26,119,'Tarjeta',238.76,10,'Herramientas eléctricas','2025-02-08'),(108,120,'Transferencia',266.08,15,'Productos de ferretería general','2025-02-08'),(105,121,'Efectivo',491.92,1,'Seguridad industrial','2025-02-09'),(224,122,'Efectivo',233.24,19,'Seguridad industrial','2025-02-09'),(201,123,'Efectivo',101.74,17,'Electricidad e iluminación','2025-02-09'),(224,124,'Efectivo',328.8,15,'Seguridad industrial','2025-02-09'),(59,125,'Transferencia',145.91,5,'Pinturas o accesorios','2025-02-09'),(33,126,'Efectivo',60.58,12,'Materiales de construcción','2025-02-09'),(112,127,'Transferencia',186.89,5,'Productos de ferretería general','2025-02-09'),(183,128,'Efectivo',155.59,3,'Tuberías y plomería','2025-02-09'),(148,129,'Transferencia',389.33,6,'Herramientas eléctricas','2025-02-09'),(191,130,'Tarjeta',255.46,1,'Tuberías y plomería','2025-02-09'),(98,131,'Tarjeta',485.37,11,'Seguridad industrial','2025-02-09'),(15,132,'Transferencia',203.34,7,'Herramientas manuales','2025-02-09'),(96,133,'Efectivo',350.98,17,'Seguridad industrial','2025-02-09'),(136,134,'Transferencia',252.14,1,'Herramientas eléctricas','2025-02-09'),(111,135,'Transferencia',90.87,10,'Productos de ferretería general','2025-02-09'),(107,136,'Tarjeta',181.27,20,'Productos de ferretería general','2025-02-10'),(207,137,'Efectivo',231.76,17,'Electricidad e iluminación','2025-02-10'),(75,138,'Tarjeta',476.12,4,'Tuberías y plomería','2025-02-10'),(208,139,'Transferencia',450.54,3,'Electricidad e iluminación','2025-02-10'),(76,140,'Tarjeta',243.5,22,'Electricidad e iluminación','2025-02-10'),(69,141,'Efectivo',223.37,14,'Tuberías y plomería','2025-02-10'),(47,142,'Tarjeta',434.78,22,'Pinturas o accesorios','2025-02-10'),(119,143,'Transferencia',424.89,12,'Productos de ferretería general','2025-02-10'),(10,144,'Transferencia',254.32,22,'Herramientas manuales','2025-02-10'),(176,145,'Efectivo',59.52,4,'Pinturas o accesorios','2025-02-10'),(71,146,'Tarjeta',473.4,11,'Tuberías y plomería','2025-02-10'),(153,147,'Tarjeta',495.86,6,'Materiales de construcción','2025-02-10'),(201,148,'Transferencia',304.71,16,'Electricidad e iluminación','2025-02-10'),(38,149,'Efectivo',368.94,8,'Materiales de construcción','2025-02-10'),(175,150,'Efectivo',388.22,20,'Pinturas o accesorios','2025-02-10'),(84,151,'Tarjeta',486.97,3,'Electricidad e iluminación','2025-02-11'),(12,152,'Tarjeta',323.81,10,'Herramientas manuales','2025-02-11'),(120,153,'Tarjeta',78.83,1,'Productos de ferretería general','2025-02-11'),(65,154,'Transferencia',109.32,12,'Tuberías y plomería','2025-02-11'),(126,155,'Tarjeta',310.71,4,'Herramientas manuales','2025-02-11'),(147,156,'Efectivo',242.5,8,'Herramientas eléctricas','2025-02-11'),(164,157,'Transferencia',208.62,24,'Materiales de construcción','2025-02-11'),(7,158,'Transferencia',91.14,4,'Herramientas manuales','2025-02-11'),(21,159,'Tarjeta',84.2,3,'Herramientas eléctricas','2025-02-11'),(158,160,'Transferencia',229.35,19,'Materiales de construcción','2025-02-11'),(187,161,'Tarjeta',398.92,3,'Tuberías y plomería','2025-02-11'),(112,162,'Tarjeta',303.59,18,'Productos de ferretería general','2025-02-11'),(20,163,'Tarjeta',432.09,5,'Herramientas eléctricas','2025-02-11'),(203,164,'Transferencia',423.75,3,'Electricidad e iluminación','2025-02-11'),(56,165,'Tarjeta',289.99,4,'Pinturas o accesorios','2025-02-11'),(10,166,'Efectivo',297.21,1,'Herramientas manuales','2025-02-12'),(201,167,'Transferencia',498.35,15,'Electricidad e iluminación','2025-02-12'),(165,168,'Transferencia',164.88,20,'Materiales de construcción','2025-02-12'),(163,169,'Tarjeta',336.33,13,'Materiales de construcción','2025-02-12'),(20,170,'Transferencia',58.54,13,'Herramientas eléctricas','2025-02-12'),(131,171,'Efectivo',223.35,22,'Herramientas manuales','2025-02-12'),(178,172,'Efectivo',140.85,4,'Pinturas o accesorios','2025-02-12'),(67,173,'Transferencia',482.79,8,'Tuberías y plomería','2025-02-12'),(187,174,'Efectivo',97.5,21,'Tuberías y plomería','2025-02-12'),(39,175,'Tarjeta',294.45,11,'Materiales de construcción','2025-02-12'),(169,176,'Efectivo',442.92,18,'Pinturas o accesorios','2025-02-12'),(124,177,'Efectivo',424.73,20,'Herramientas manuales','2025-02-12'),(197,178,'Efectivo',224.25,7,'Electricidad e iluminación','2025-02-12'),(77,179,'Tarjeta',13.12,14,'Electricidad e iluminación','2025-02-12'),(238,180,'Transferencia',385.48,3,'Productos de ferretería general','2025-02-12'),(140,181,'Transferencia',202.8,2,'Herramientas eléctricas','2025-02-13'),(175,182,'Tarjeta',382.81,25,'Pinturas o accesorios','2025-02-13'),(8,183,'Tarjeta',453.97,21,'Herramientas manuales','2025-02-13'),(80,184,'Transferencia',268.9,25,'Electricidad e iluminación','2025-02-13'),(163,185,'Efectivo',235.68,17,'Materiales de construcción','2025-02-13'),(115,186,'Efectivo',459.31,1,'Productos de ferretería general','2025-02-13'),(71,187,'Tarjeta',163.3,6,'Tuberías y plomería','2025-02-13'),(62,188,'Efectivo',36.74,25,'Tuberías y plomería','2025-02-13'),(107,189,'Tarjeta',359.87,19,'Productos de ferretería general','2025-02-13'),(144,190,'Tarjeta',222.3,1,'Herramientas eléctricas','2025-02-13'),(186,191,'Tarjeta',326.43,13,'Tuberías y plomería','2025-02-13'),(173,192,'Efectivo',69.77,24,'Pinturas o accesorios','2025-02-13'),(86,193,'Tarjeta',435.39,16,'Electricidad e iluminación','2025-02-13'),(111,194,'Efectivo',199.66,7,'Productos de ferretería general','2025-02-13'),(17,195,'Tarjeta',69.62,15,'Herramientas eléctricas','2025-02-13'),(155,196,'Transferencia',487.76,9,'Materiales de construcción','2025-02-14'),(38,197,'Tarjeta',293.54,25,'Materiales de construcción','2025-02-14'),(155,198,'Tarjeta',411.43,21,'Materiales de construcción','2025-02-14'),(149,199,'Efectivo',211.76,10,'Herramientas eléctricas','2025-02-14'),(17,200,'Efectivo',493.19,7,'Herramientas eléctricas','2025-02-14'),(101,201,'Transferencia',159.22,18,'Seguridad industrial','2025-02-14'),(154,202,'Efectivo',371.26,13,'Materiales de construcción','2025-02-14'),(109,203,'Transferencia',345.41,23,'Productos de ferretería general','2025-02-14'),(8,204,'Transferencia',106.74,13,'Herramientas manuales','2025-02-14'),(44,205,'Tarjeta',369.13,22,'Materiales de construcción','2025-02-14'),(123,206,'Transferencia',446.67,15,'Herramientas manuales','2025-02-14'),(70,207,'Efectivo',25.14,8,'Tuberías y plomería','2025-02-14'),(222,208,'Tarjeta',303.52,13,'Seguridad industrial','2025-02-14'),(157,209,'Efectivo',30.82,24,'Materiales de construcción','2025-02-14'),(51,210,'Tarjeta',320.23,16,'Pinturas o accesorios','2025-02-14'),(138,211,'Efectivo',361.61,12,'Herramientas eléctricas','2025-02-15'),(235,212,'Tarjeta',220.22,3,'Productos de ferretería general','2025-02-15'),(47,213,'Efectivo',86.87,3,'Pinturas o accesorios','2025-02-15'),(153,214,'Tarjeta',376.37,11,'Materiales de construcción','2025-02-15'),(92,215,'Tarjeta',35.44,9,'Seguridad industrial','2025-02-15'),(220,216,'Transferencia',251.02,3,'Seguridad industrial','2025-02-15'),(107,217,'Tarjeta',257.01,2,'Productos de ferretería general','2025-02-15'),(65,218,'Efectivo',288.37,10,'Tuberías y plomería','2025-02-15'),(87,219,'Tarjeta',456.69,3,'Electricidad e iluminación','2025-02-15'),(147,220,'Tarjeta',133.32,10,'Herramientas eléctricas','2025-02-15'),(223,221,'Transferencia',444.53,2,'Seguridad industrial','2025-02-15'),(207,222,'Efectivo',363.98,21,'Electricidad e iluminación','2025-02-15'),(237,223,'Tarjeta',16.49,17,'Productos de ferretería general','2025-02-15'),(94,224,'Transferencia',317.05,16,'Seguridad industrial','2025-02-15'),(29,225,'Transferencia',369.28,23,'Herramientas eléctricas','2025-02-15'),(217,226,'Transferencia',189.07,11,'Seguridad industrial','2025-02-16'),(153,227,'Efectivo',25.92,6,'Materiales de construcción','2025-02-16'),(136,228,'Transferencia',304.04,7,'Herramientas eléctricas','2025-02-16'),(11,229,'Efectivo',8.45,16,'Herramientas manuales','2025-02-16'),(226,230,'Efectivo',485.94,16,'Productos de ferretería general','2025-02-16'),(14,231,'Efectivo',162.1,10,'Herramientas manuales','2025-02-16'),(64,232,'Tarjeta',446.23,11,'Tuberías y plomería','2025-02-16'),(116,233,'Efectivo',485.52,12,'Productos de ferretería general','2025-02-16'),(103,234,'Efectivo',230.79,18,'Seguridad industrial','2025-02-16'),(127,235,'Efectivo',331.46,10,'Herramientas manuales','2025-02-16'),(67,236,'Efectivo',22.95,6,'Tuberías y plomería','2025-02-16'),(202,237,'Efectivo',34.9,9,'Electricidad e iluminación','2025-02-16'),(72,238,'Transferencia',481.9,11,'Tuberías y plomería','2025-02-16'),(80,239,'Efectivo',473.38,2,'Electricidad e iluminación','2025-02-16'),(162,240,'Tarjeta',344.75,16,'Materiales de construcción','2025-02-16'),(203,241,'Efectivo',480.71,4,'Electricidad e iluminación','2025-02-17'),(141,242,'Tarjeta',98.8,10,'Herramientas eléctricas','2025-02-17'),(233,243,'Tarjeta',121.68,12,'Productos de ferretería general','2025-02-17'),(65,244,'Efectivo',196.49,15,'Tuberías y plomería','2025-02-17'),(183,245,'Tarjeta',440.31,1,'Tuberías y plomería','2025-02-17'),(186,246,'Transferencia',248.31,10,'Tuberías y plomería','2025-02-17'),(202,247,'Tarjeta',312.48,18,'Electricidad e iluminación','2025-02-17'),(95,248,'Transferencia',422.13,21,'Seguridad industrial','2025-02-17'),(2,249,'Tarjeta',129.15,25,'Herramientas manuales','2025-02-17'),(59,250,'Efectivo',311.71,10,'Pinturas o accesorios','2025-02-17'),(233,251,'Efectivo',232.24,14,'Productos de ferretería general','2025-02-17'),(209,252,'Transferencia',283.95,3,'Electricidad e iluminación','2025-02-17'),(130,253,'Efectivo',165.08,5,'Herramientas manuales','2025-02-17'),(237,254,'Tarjeta',48.37,9,'Productos de ferretería general','2025-02-17'),(157,255,'Efectivo',283.6,4,'Materiales de construcción','2025-02-17'),(139,256,'Tarjeta',102.51,5,'Herramientas eléctricas','2025-02-18'),(219,257,'Efectivo',274.67,21,'Seguridad industrial','2025-02-18'),(60,258,'Tarjeta',419.6,25,'Pinturas o accesorios','2025-02-18'),(179,259,'Transferencia',212.43,23,'Pinturas o accesorios','2025-02-18'),(133,260,'Efectivo',444.34,16,'Herramientas manuales','2025-02-18'),(108,261,'Efectivo',472.39,12,'Productos de ferretería general','2025-02-18'),(99,262,'Transferencia',33.95,23,'Seguridad industrial','2025-02-18'),(180,263,'Transferencia',76.86,12,'Pinturas o accesorios','2025-02-18'),(153,264,'Efectivo',134.63,14,'Materiales de construcción','2025-02-18'),(177,265,'Tarjeta',400.56,16,'Pinturas o accesorios','2025-02-18'),(126,266,'Transferencia',273.59,20,'Herramientas manuales','2025-02-18'),(198,267,'Transferencia',66.4,7,'Electricidad e iluminación','2025-02-18'),(232,268,'Efectivo',462.77,8,'Productos de ferretería general','2025-02-18'),(88,269,'Efectivo',232.47,18,'Electricidad e iluminación','2025-02-18'),(161,270,'Tarjeta',400.62,6,'Materiales de construcción','2025-02-18'),(177,271,'Tarjeta',252.45,1,'Pinturas o accesorios','2025-02-19'),(144,272,'Transferencia',13.12,23,'Herramientas eléctricas','2025-02-19'),(140,273,'Tarjeta',311.25,9,'Herramientas eléctricas','2025-02-19'),(85,274,'Efectivo',293.87,18,'Electricidad e iluminación','2025-02-19'),(13,275,'Efectivo',73.23,2,'Herramientas manuales','2025-02-19'),(161,276,'Tarjeta',58.84,24,'Materiales de construcción','2025-02-19'),(100,277,'Transferencia',283.89,22,'Seguridad industrial','2025-02-19'),(236,278,'Efectivo',177.14,16,'Productos de ferretería general','2025-02-19'),(34,279,'Transferencia',273.31,14,'Materiales de construcción','2025-02-19'),(5,280,'Transferencia',384.79,24,'Herramientas manuales','2025-02-19'),(172,281,'Tarjeta',70.39,13,'Pinturas o accesorios','2025-02-19'),(196,282,'Tarjeta',113.7,1,'Electricidad e iluminación','2025-02-19'),(92,283,'Efectivo',105.79,12,'Seguridad industrial','2025-02-19'),(50,284,'Efectivo',478.9,24,'Pinturas o accesorios','2025-02-19'),(54,285,'Tarjeta',334.4,8,'Pinturas o accesorios','2025-02-19'),(186,286,'Transferencia',374.29,16,'Tuberías y plomería','2025-02-20'),(189,287,'Efectivo',106.12,2,'Tuberías y plomería','2025-02-20'),(100,288,'Tarjeta',126.38,18,'Seguridad industrial','2025-02-20'),(157,289,'Transferencia',369.05,5,'Materiales de construcción','2025-02-20'),(225,290,'Tarjeta',271.49,17,'Seguridad industrial','2025-02-20'),(92,291,'Tarjeta',469.05,21,'Seguridad industrial','2025-02-20'),(15,292,'Efectivo',320.41,12,'Herramientas manuales','2025-02-20'),(213,293,'Transferencia',416.56,16,'Seguridad industrial','2025-02-20'),(137,294,'Efectivo',44.42,13,'Herramientas eléctricas','2025-02-20'),(76,295,'Efectivo',139.03,2,'Electricidad e iluminación','2025-02-20'),(69,296,'Transferencia',341.21,5,'Tuberías y plomería','2025-02-20'),(213,297,'Tarjeta',466.71,22,'Seguridad industrial','2025-02-20'),(45,298,'Tarjeta',345.9,24,'Materiales de construcción','2025-02-20'),(218,299,'Transferencia',8.21,18,'Seguridad industrial','2025-02-20'),(82,300,'Tarjeta',224.14,18,'Electricidad e iluminación','2025-02-20'),(61,301,'Tarjeta',298.09,15,'Tuberías y plomería','2025-02-21'),(161,302,'Transferencia',477.19,24,'Materiales de construcción','2025-02-21'),(85,303,'Efectivo',360.51,5,'Electricidad e iluminación','2025-02-21'),(121,304,'Efectivo',64.33,22,'Herramientas manuales','2025-02-21'),(68,305,'Tarjeta',260.99,2,'Tuberías y plomería','2025-02-21'),(136,306,'Transferencia',444.79,7,'Herramientas eléctricas','2025-02-21'),(176,307,'Transferencia',437.57,20,'Pinturas o accesorios','2025-02-21'),(166,308,'Efectivo',239.76,1,'Pinturas o accesorios','2025-02-21'),(48,309,'Efectivo',446.73,12,'Pinturas o accesorios','2025-02-21'),(169,310,'Efectivo',152.09,10,'Pinturas o accesorios','2025-02-21'),(182,311,'Transferencia',54.8,25,'Tuberías y plomería','2025-02-21'),(25,312,'Tarjeta',194.54,1,'Herramientas eléctricas','2025-02-21'),(1,313,'Transferencia',143.69,6,'Herramientas manuales','2025-02-21'),(130,314,'Tarjeta',396.93,6,'Herramientas manuales','2025-02-21'),(8,315,'Efectivo',141.35,23,'Herramientas manuales','2025-02-21'),(163,316,'Transferencia',55.75,19,'Materiales de construcción','2025-02-22'),(49,317,'Efectivo',241.88,7,'Pinturas o accesorios','2025-02-22'),(173,318,'Efectivo',421.95,9,'Pinturas o accesorios','2025-02-22'),(182,319,'Efectivo',58.22,20,'Tuberías y plomería','2025-02-22'),(174,320,'Efectivo',281.12,9,'Pinturas o accesorios','2025-02-22'),(180,321,'Tarjeta',446.98,5,'Pinturas o accesorios','2025-02-22'),(222,322,'Tarjeta',333.58,17,'Seguridad industrial','2025-02-22'),(31,323,'Tarjeta',404.84,19,'Materiales de construcción','2025-02-22'),(32,324,'Efectivo',461.22,13,'Materiales de construcción','2025-02-22'),(86,325,'Transferencia',171.43,2,'Electricidad e iluminación','2025-02-22'),(66,326,'Transferencia',276.11,14,'Tuberías y plomería','2025-02-22'),(237,327,'Efectivo',219.53,3,'Productos de ferretería general','2025-02-22'),(104,328,'Transferencia',116.25,24,'Seguridad industrial','2025-02-22'),(56,329,'Transferencia',205.16,20,'Pinturas o accesorios','2025-02-22'),(126,330,'Transferencia',330.88,8,'Herramientas manuales','2025-02-22'),(63,331,'Tarjeta',471.06,3,'Tuberías y plomería','2025-02-23'),(193,332,'Transferencia',143.66,4,'Tuberías y plomería','2025-02-23'),(194,333,'Efectivo',434.3,15,'Tuberías y plomería','2025-02-23'),(113,334,'Efectivo',391.62,1,'Productos de ferretería general','2025-02-23'),(176,335,'Tarjeta',488.44,12,'Pinturas o accesorios','2025-02-23'),(204,336,'Tarjeta',82.13,1,'Electricidad e iluminación','2025-02-23'),(172,337,'Transferencia',126.86,20,'Pinturas o accesorios','2025-02-23'),(36,338,'Transferencia',151.61,23,'Materiales de construcción','2025-02-23'),(223,339,'Tarjeta',48.51,16,'Seguridad industrial','2025-02-23'),(35,340,'Transferencia',63.71,5,'Materiales de construcción','2025-02-23'),(86,341,'Tarjeta',84.04,3,'Electricidad e iluminación','2025-02-23'),(124,342,'Transferencia',145.46,4,'Herramientas manuales','2025-02-23'),(81,343,'Efectivo',261.53,23,'Electricidad e iluminación','2025-02-23'),(189,344,'Efectivo',265.08,4,'Tuberías y plomería','2025-02-23'),(206,345,'Efectivo',135.29,19,'Electricidad e iluminación','2025-02-23'),(228,346,'Tarjeta',244.04,24,'Productos de ferretería general','2025-02-24'),(205,347,'Tarjeta',309.02,8,'Electricidad e iluminación','2025-02-24'),(2,348,'Tarjeta',199.73,24,'Herramientas manuales','2025-02-24'),(56,349,'Tarjeta',291.09,3,'Pinturas o accesorios','2025-02-24'),(138,350,'Transferencia',23.38,23,'Herramientas eléctricas','2025-02-24'),(7,351,'Efectivo',44.86,21,'Herramientas manuales','2025-02-24'),(65,352,'Tarjeta',248.31,19,'Tuberías y plomería','2025-02-24'),(136,353,'Efectivo',379.91,24,'Herramientas eléctricas','2025-02-24'),(238,354,'Transferencia',454.13,18,'Productos de ferretería general','2025-02-24'),(135,355,'Tarjeta',255.52,9,'Herramientas manuales','2025-02-24'),(216,356,'Transferencia',95.33,4,'Seguridad industrial','2025-02-24'),(73,357,'Transferencia',347.99,18,'Tuberías y plomería','2025-02-24'),(63,358,'Efectivo',147.7,17,'Tuberías y plomería','2025-02-24'),(102,359,'Transferencia',24.57,15,'Seguridad industrial','2025-02-24'),(186,360,'Efectivo',369.1,12,'Tuberías y plomería','2025-02-24'),(31,361,'Tarjeta',53.59,3,'Materiales de construcción','2025-02-25'),(11,362,'Transferencia',61.56,6,'Herramientas manuales','2025-02-25'),(7,363,'Tarjeta',385.63,19,'Herramientas manuales','2025-02-25'),(146,364,'Efectivo',412.4,5,'Herramientas eléctricas','2025-02-25'),(169,365,'Tarjeta',171.06,3,'Pinturas o accesorios','2025-02-25'),(153,366,'Tarjeta',246.51,19,'Materiales de construcción','2025-02-25'),(208,367,'Transferencia',194.12,21,'Electricidad e iluminación','2025-02-25'),(123,368,'Efectivo',86.5,22,'Herramientas manuales','2025-02-25'),(86,369,'Tarjeta',404.32,9,'Electricidad e iluminación','2025-02-25'),(157,370,'Tarjeta',475.7,7,'Materiales de construcción','2025-02-25'),(85,371,'Transferencia',253.34,2,'Electricidad e iluminación','2025-02-25'),(194,372,'Efectivo',151.41,2,'Tuberías y plomería','2025-02-25'),(24,373,'Transferencia',238.61,13,'Herramientas eléctricas','2025-02-25'),(55,374,'Transferencia',372.56,25,'Pinturas o accesorios','2025-02-25'),(8,375,'Transferencia',293.46,10,'Herramientas manuales','2025-02-25'),(108,376,'Efectivo',136.02,19,'Productos de ferretería general','2025-02-26'),(190,377,'Tarjeta',294.45,1,'Tuberías y plomería','2025-02-26'),(186,378,'Efectivo',495.43,9,'Tuberías y plomería','2025-02-26'),(36,379,'Efectivo',408.65,14,'Materiales de construcción','2025-02-26'),(8,380,'Tarjeta',16.07,18,'Herramientas manuales','2025-02-26'),(130,381,'Efectivo',136.01,11,'Herramientas manuales','2025-02-26'),(226,382,'Tarjeta',163.61,18,'Productos de ferretería general','2025-02-26'),(198,383,'Tarjeta',421.49,18,'Electricidad e iluminación','2025-02-26'),(217,384,'Efectivo',418.2,9,'Seguridad industrial','2025-02-26'),(213,385,'Tarjeta',418.11,25,'Seguridad industrial','2025-02-26'),(144,386,'Transferencia',488.81,21,'Herramientas eléctricas','2025-02-26'),(214,387,'Efectivo',195.02,2,'Seguridad industrial','2025-02-26'),(215,388,'Transferencia',442.9,17,'Seguridad industrial','2025-02-26'),(50,389,'Transferencia',256.46,14,'Pinturas o accesorios','2025-02-26'),(153,390,'Tarjeta',378.56,4,'Materiales de construcción','2025-02-26'),(186,391,'Tarjeta',246.65,6,'Tuberías y plomería','2025-02-27'),(47,392,'Efectivo',132.87,10,'Pinturas o accesorios','2025-02-27'),(215,393,'Efectivo',238.72,2,'Seguridad industrial','2025-02-27'),(120,394,'Efectivo',198.04,5,'Productos de ferretería general','2025-02-27'),(203,395,'Efectivo',417.59,19,'Electricidad e iluminación','2025-02-27'),(82,396,'Efectivo',313.66,2,'Electricidad e iluminación','2025-02-27'),(231,397,'Efectivo',168.61,16,'Productos de ferretería general','2025-02-27'),(125,398,'Efectivo',95.91,14,'Herramientas manuales','2025-02-27'),(230,399,'Efectivo',154.3,2,'Productos de ferretería general','2025-02-27'),(204,400,'Transferencia',425.57,5,'Electricidad e iluminación','2025-02-27'),(132,401,'Efectivo',453.81,4,'Herramientas manuales','2025-02-27'),(220,402,'Efectivo',134.23,2,'Seguridad industrial','2025-02-27'),(174,403,'Efectivo',469.98,19,'Pinturas o accesorios','2025-02-27'),(128,404,'Efectivo',187.89,1,'Herramientas manuales','2025-02-27'),(10,405,'Efectivo',92.16,14,'Herramientas manuales','2025-02-27'),(124,406,'Tarjeta',491.9,21,'Herramientas manuales','2025-02-28'),(138,407,'Transferencia',266.18,18,'Herramientas eléctricas','2025-02-28'),(18,408,'Efectivo',488.48,24,'Herramientas eléctricas','2025-02-28'),(169,409,'Tarjeta',20.47,23,'Pinturas o accesorios','2025-02-28'),(188,410,'Tarjeta',287.21,1,'Tuberías y plomería','2025-02-28'),(118,411,'Tarjeta',386.66,22,'Productos de ferretería general','2025-02-28'),(78,412,'Tarjeta',470.32,25,'Electricidad e iluminación','2025-02-28'),(14,413,'Transferencia',386.8,4,'Herramientas manuales','2025-02-28'),(97,414,'Tarjeta',391.01,22,'Seguridad industrial','2025-02-28'),(191,415,'Tarjeta',234.87,23,'Tuberías y plomería','2025-02-28'),(13,416,'Efectivo',135.97,5,'Herramientas manuales','2025-02-28'),(232,417,'Transferencia',101.5,2,'Productos de ferretería general','2025-02-28'),(104,418,'Efectivo',86.64,4,'Seguridad industrial','2025-02-28'),(126,419,'Tarjeta',304.28,16,'Herramientas manuales','2025-02-28'),(51,420,'Tarjeta',442.23,10,'Pinturas o accesorios','2025-02-28'),(26,421,'Efectivo',91.09,18,'Herramientas eléctricas','2025-03-01'),(71,422,'Transferencia',215.58,14,'Tuberías y plomería','2025-03-01'),(88,423,'Tarjeta',288.19,13,'Electricidad e iluminación','2025-03-01'),(141,424,'Transferencia',18.4,13,'Herramientas eléctricas','2025-03-01'),(29,425,'Transferencia',144.13,21,'Herramientas eléctricas','2025-03-01'),(43,426,'Tarjeta',437.34,6,'Materiales de construcción','2025-03-01'),(71,427,'Transferencia',363.42,11,'Tuberías y plomería','2025-03-01'),(107,428,'Efectivo',229.55,11,'Productos de ferretería general','2025-03-01'),(111,429,'Efectivo',55.73,21,'Productos de ferretería general','2025-03-01'),(155,430,'Transferencia',237,1,'Materiales de construcción','2025-03-01'),(197,431,'Transferencia',274.67,11,'Electricidad e iluminación','2025-03-01'),(127,432,'Tarjeta',196.49,21,'Herramientas manuales','2025-03-01'),(117,433,'Transferencia',430.38,13,'Productos de ferretería general','2025-03-01'),(228,434,'Efectivo',364.78,6,'Productos de ferretería general','2025-03-01'),(80,435,'Transferencia',8.96,9,'Electricidad e iluminación','2025-03-01'),(233,436,'Transferencia',170.31,25,'Productos de ferretería general','2025-03-02'),(107,437,'Transferencia',424.52,12,'Productos de ferretería general','2025-03-02'),(50,438,'Efectivo',61.26,1,'Pinturas o accesorios','2025-03-02'),(1,439,'Tarjeta',286.41,8,'Herramientas manuales','2025-03-02'),(109,440,'Tarjeta',367.41,22,'Productos de ferretería general','2025-03-02'),(102,441,'Tarjeta',114.63,11,'Seguridad industrial','2025-03-02'),(78,442,'Tarjeta',296.81,7,'Electricidad e iluminación','2025-03-02'),(167,443,'Tarjeta',212.49,17,'Pinturas o accesorios','2025-03-02'),(233,444,'Tarjeta',108.48,11,'Productos de ferretería general','2025-03-02'),(201,445,'Tarjeta',62.12,25,'Electricidad e iluminación','2025-03-02'),(128,446,'Transferencia',362.42,18,'Herramientas manuales','2025-03-02'),(225,447,'Transferencia',356.34,7,'Seguridad industrial','2025-03-02'),(120,448,'Transferencia',140.99,19,'Productos de ferretería general','2025-03-02'),(52,449,'Tarjeta',29.46,5,'Pinturas o accesorios','2025-03-02'),(238,450,'Tarjeta',127.02,2,'Productos de ferretería general','2025-03-02'),(30,451,'Efectivo',45.46,25,'Herramientas eléctricas','2025-03-03'),(2,452,'Tarjeta',396.48,6,'Herramientas manuales','2025-03-03'),(124,453,'Tarjeta',275.75,8,'Herramientas manuales','2025-03-03'),(87,454,'Tarjeta',58.53,20,'Electricidad e iluminación','2025-03-03'),(110,455,'Tarjeta',297.54,16,'Productos de ferretería general','2025-03-03'),(151,456,'Transferencia',129.67,23,'Materiales de construcción','2025-03-03'),(127,457,'Efectivo',308.25,7,'Herramientas manuales','2025-03-03'),(211,458,'Efectivo',483.19,22,'Seguridad industrial','2025-03-03'),(209,459,'Transferencia',66.94,24,'Electricidad e iluminación','2025-03-03'),(19,460,'Transferencia',71.49,17,'Herramientas eléctricas','2025-03-03'),(232,461,'Tarjeta',408.74,22,'Productos de ferretería general','2025-03-03'),(67,462,'Transferencia',422.32,6,'Tuberías y plomería','2025-03-03'),(223,463,'Efectivo',81.93,3,'Seguridad industrial','2025-03-03'),(205,464,'Efectivo',390.34,18,'Electricidad e iluminación','2025-03-03'),(58,465,'Tarjeta',297.22,2,'Pinturas o accesorios','2025-03-03'),(107,466,'Efectivo',127.3,3,'Productos de ferretería general','2025-03-04'),(173,467,'Efectivo',264.7,22,'Pinturas o accesorios','2025-03-04'),(139,468,'Tarjeta',111.5,7,'Herramientas eléctricas','2025-03-04'),(204,469,'Transferencia',264.67,3,'Electricidad e iluminación','2025-03-04'),(67,470,'Tarjeta',200.66,15,'Tuberías y plomería','2025-03-04'),(116,471,'Efectivo',105.08,9,'Productos de ferretería general','2025-03-04'),(43,472,'Transferencia',134.22,7,'Materiales de construcción','2025-03-04'),(62,473,'Transferencia',222.01,14,'Tuberías y plomería','2025-03-04'),(90,474,'Efectivo',216.56,3,'Electricidad e iluminación','2025-03-04'),(8,475,'Transferencia',361.76,17,'Herramientas manuales','2025-03-04'),(140,476,'Transferencia',172.6,19,'Herramientas eléctricas','2025-03-04'),(33,477,'Transferencia',32.25,18,'Materiales de construcción','2025-03-04'),(125,478,'Tarjeta',443.05,14,'Herramientas manuales','2025-03-04'),(47,479,'Efectivo',492.03,22,'Pinturas o accesorios','2025-03-04'),(90,480,'Efectivo',209.84,6,'Electricidad e iluminación','2025-03-04'),(133,481,'Efectivo',32.05,13,'Herramientas manuales','2025-03-05'),(118,482,'Tarjeta',418.12,14,'Productos de ferretería general','2025-03-05'),(4,483,'Tarjeta',95.51,24,'Herramientas manuales','2025-03-05'),(123,484,'Tarjeta',417.96,18,'Herramientas manuales','2025-03-05'),(48,485,'Efectivo',339.58,4,'Pinturas o accesorios','2025-03-05'),(228,486,'Transferencia',465.52,10,'Productos de ferretería general','2025-03-05'),(77,487,'Tarjeta',213.3,18,'Electricidad e iluminación','2025-03-05'),(34,488,'Tarjeta',366.38,11,'Materiales de construcción','2025-03-05'),(86,489,'Tarjeta',265.84,10,'Electricidad e iluminación','2025-03-05'),(186,490,'Efectivo',272.64,13,'Tuberías y plomería','2025-03-05'),(176,491,'Tarjeta',475.16,1,'Pinturas o accesorios','2025-03-05'),(89,492,'Tarjeta',37.17,2,'Electricidad e iluminación','2025-03-05'),(177,493,'Efectivo',487.78,7,'Pinturas o accesorios','2025-03-05'),(221,494,'Tarjeta',83.4,8,'Seguridad industrial','2025-03-05'),(121,495,'Efectivo',349.28,6,'Herramientas manuales','2025-03-05'),(122,496,'Tarjeta',350.52,8,'Herramientas manuales','2025-03-06'),(98,497,'Transferencia',452.8,7,'Seguridad industrial','2025-03-06'),(75,498,'Efectivo',344.45,14,'Tuberías y plomería','2025-03-06'),(17,499,'Transferencia',261.19,12,'Herramientas eléctricas','2025-03-06'),(138,500,'Transferencia',54.04,2,'Herramientas eléctricas','2025-03-06'),(46,501,'Efectivo',335.48,23,'Pinturas o accesorios','2025-03-06'),(163,502,'Transferencia',199.48,20,'Materiales de construcción','2025-03-06'),(20,503,'Efectivo',20.45,21,'Herramientas eléctricas','2025-03-06'),(16,504,'Efectivo',166.73,14,'Herramientas eléctricas','2025-03-06'),(110,505,'Efectivo',34.75,13,'Productos de ferretería general','2025-03-06'),(108,506,'Transferencia',196.67,11,'Productos de ferretería general','2025-03-06'),(100,507,'Tarjeta',338.2,6,'Seguridad industrial','2025-03-06'),(183,508,'Transferencia',118.05,15,'Tuberías y plomería','2025-03-06'),(37,509,'Tarjeta',361.52,15,'Materiales de construcción','2025-03-06'),(103,510,'Transferencia',115.68,4,'Seguridad industrial','2025-03-06'),(118,511,'Efectivo',122.59,24,'Productos de ferretería general','2025-03-07'),(230,512,'Tarjeta',178.32,24,'Productos de ferretería general','2025-03-07'),(102,513,'Efectivo',260.26,16,'Seguridad industrial','2025-03-07'),(150,514,'Tarjeta',287.47,5,'Herramientas eléctricas','2025-03-07'),(78,515,'Efectivo',258.77,22,'Electricidad e iluminación','2025-03-07'),(57,516,'Transferencia',319.72,18,'Pinturas o accesorios','2025-03-07'),(127,517,'Efectivo',14.16,9,'Herramientas manuales','2025-03-07'),(115,518,'Transferencia',184.63,10,'Productos de ferretería general','2025-03-07'),(169,519,'Tarjeta',159.15,23,'Pinturas o accesorios','2025-03-07'),(166,520,'Efectivo',184.74,12,'Pinturas o accesorios','2025-03-07'),(67,521,'Tarjeta',20.43,22,'Tuberías y plomería','2025-03-07'),(174,522,'Efectivo',426.52,21,'Pinturas o accesorios','2025-03-07'),(17,523,'Efectivo',141.7,1,'Herramientas eléctricas','2025-03-07'),(123,524,'Efectivo',136.82,9,'Herramientas manuales','2025-03-07'),(51,525,'Transferencia',178.35,3,'Pinturas o accesorios','2025-03-07'),(13,526,'Transferencia',40.28,17,'Herramientas manuales','2025-03-08'),(27,527,'Tarjeta',95.68,25,'Herramientas eléctricas','2025-03-08'),(15,528,'Transferencia',5.77,13,'Herramientas manuales','2025-03-08'),(131,529,'Tarjeta',130.14,8,'Herramientas manuales','2025-03-08'),(236,530,'Tarjeta',440.29,15,'Productos de ferretería general','2025-03-08'),(137,531,'Tarjeta',366.68,1,'Herramientas eléctricas','2025-03-08'),(72,532,'Transferencia',32.63,21,'Tuberías y plomería','2025-03-08'),(114,533,'Tarjeta',129.4,20,'Productos de ferretería general','2025-03-08'),(31,534,'Transferencia',283.29,13,'Materiales de construcción','2025-03-08'),(164,535,'Tarjeta',42.08,12,'Materiales de construcción','2025-03-08'),(199,536,'Efectivo',200.38,18,'Electricidad e iluminación','2025-03-08'),(167,537,'Efectivo',167.21,5,'Pinturas o accesorios','2025-03-08'),(77,538,'Transferencia',469,15,'Electricidad e iluminación','2025-03-08'),(197,539,'Transferencia',414.13,9,'Electricidad e iluminación','2025-03-08'),(114,540,'Tarjeta',423.43,14,'Productos de ferretería general','2025-03-08'),(1,541,'Tarjeta',349.34,20,'Herramientas manuales','2025-03-09'),(210,542,'Efectivo',219.95,12,'Electricidad e iluminación','2025-03-09'),(175,543,'Transferencia',131.46,15,'Pinturas o accesorios','2025-03-09'),(161,544,'Tarjeta',363.42,23,'Materiales de construcción','2025-03-09'),(213,545,'Tarjeta',186.05,21,'Seguridad industrial','2025-03-09'),(60,546,'Tarjeta',317.82,12,'Pinturas o accesorios','2025-03-09'),(220,547,'Efectivo',377.61,23,'Seguridad industrial','2025-03-09'),(64,548,'Efectivo',234.83,1,'Tuberías y plomería','2025-03-09'),(16,549,'Tarjeta',195.24,23,'Herramientas eléctricas','2025-03-09'),(46,550,'Transferencia',488.02,8,'Pinturas o accesorios','2025-03-09'),(156,551,'Transferencia',216.83,20,'Materiales de construcción','2025-03-09'),(123,552,'Tarjeta',206.67,5,'Herramientas manuales','2025-03-09'),(166,553,'Tarjeta',398.4,14,'Pinturas o accesorios','2025-03-09'),(72,554,'Tarjeta',171.96,6,'Tuberías y plomería','2025-03-09'),(37,555,'Efectivo',231.93,15,'Materiales de construcción','2025-03-09'),(192,556,'Transferencia',149.71,9,'Tuberías y plomería','2025-03-10'),(148,557,'Transferencia',90.17,18,'Herramientas eléctricas','2025-03-10'),(240,558,'Efectivo',212.82,11,'Productos de ferretería general','2025-03-10'),(32,559,'Efectivo',451.35,9,'Materiales de construcción','2025-03-10'),(10,560,'Efectivo',269.11,12,'Herramientas manuales','2025-03-10'),(80,561,'Tarjeta',463.78,8,'Electricidad e iluminación','2025-03-10'),(171,562,'Efectivo',242.65,12,'Pinturas o accesorios','2025-03-10'),(235,563,'Efectivo',175.69,20,'Productos de ferretería general','2025-03-10'),(160,564,'Transferencia',85.37,20,'Materiales de construcción','2025-03-10'),(117,565,'Efectivo',53.29,10,'Productos de ferretería general','2025-03-10'),(23,566,'Efectivo',10.13,17,'Herramientas eléctricas','2025-03-10'),(120,567,'Efectivo',251.54,8,'Productos de ferretería general','2025-03-10'),(1,568,'Tarjeta',366.67,16,'Herramientas manuales','2025-03-10'),(2,569,'Efectivo',112.71,2,'Herramientas manuales','2025-03-10'),(20,570,'Transferencia',361.88,21,'Herramientas eléctricas','2025-03-10'),(10,571,'Tarjeta',496.63,20,'Herramientas manuales','2025-03-11'),(32,572,'Efectivo',154.49,7,'Materiales de construcción','2025-03-11'),(222,573,'Transferencia',33.02,16,'Seguridad industrial','2025-03-11'),(216,574,'Tarjeta',157.55,16,'Seguridad industrial','2025-03-11'),(221,575,'Efectivo',128.37,18,'Seguridad industrial','2025-03-11'),(162,576,'Efectivo',232.66,8,'Materiales de construcción','2025-03-11'),(131,577,'Efectivo',209.03,7,'Herramientas manuales','2025-03-11'),(187,578,'Efectivo',79.84,4,'Tuberías y plomería','2025-03-11'),(195,579,'Efectivo',48.75,22,'Tuberías y plomería','2025-03-11'),(213,580,'Transferencia',192.74,15,'Seguridad industrial','2025-03-11'),(218,581,'Efectivo',165.8,19,'Seguridad industrial','2025-03-11'),(83,582,'Transferencia',193.13,1,'Electricidad e iluminación','2025-03-11'),(163,583,'Tarjeta',96.07,18,'Materiales de construcción','2025-03-11'),(95,584,'Efectivo',124.01,17,'Seguridad industrial','2025-03-11'),(103,585,'Tarjeta',227.77,4,'Seguridad industrial','2025-03-11'),(17,586,'Transferencia',218.39,10,'Herramientas eléctricas','2025-03-12'),(193,587,'Transferencia',51.31,9,'Tuberías y plomería','2025-03-12'),(1,588,'Transferencia',351.73,1,'Herramientas manuales','2025-03-12'),(135,589,'Transferencia',370.92,17,'Herramientas manuales','2025-03-12'),(14,590,'Efectivo',146.74,17,'Herramientas manuales','2025-03-12'),(225,591,'Efectivo',150.21,23,'Seguridad industrial','2025-03-12'),(142,592,'Transferencia',309.01,1,'Herramientas eléctricas','2025-03-12'),(78,593,'Tarjeta',401.14,15,'Electricidad e iluminación','2025-03-12'),(141,594,'Efectivo',346.56,7,'Herramientas eléctricas','2025-03-12'),(190,595,'Tarjeta',455.49,3,'Tuberías y plomería','2025-03-12'),(214,596,'Tarjeta',25.88,16,'Seguridad industrial','2025-03-12'),(41,597,'Tarjeta',159.42,4,'Materiales de construcción','2025-03-12'),(238,598,'Transferencia',304.22,4,'Productos de ferretería general','2025-03-12'),(78,599,'Tarjeta',227.73,10,'Electricidad e iluminación','2025-03-12'),(136,600,'Tarjeta',459.7,25,'Herramientas eléctricas','2025-03-12'),(192,601,'Transferencia',390.45,2,'Tuberías y plomería','2025-03-13'),(57,602,'Efectivo',125.57,20,'Pinturas o accesorios','2025-03-13'),(98,603,'Transferencia',463.19,19,'Seguridad industrial','2025-03-13'),(144,604,'Transferencia',422.43,15,'Herramientas eléctricas','2025-03-13'),(121,605,'Transferencia',82.56,7,'Herramientas manuales','2025-03-13'),(80,606,'Transferencia',367.71,10,'Electricidad e iluminación','2025-03-13'),(52,607,'Efectivo',116.98,18,'Pinturas o accesorios','2025-03-13'),(221,608,'Efectivo',428.21,10,'Seguridad industrial','2025-03-13'),(40,609,'Efectivo',444.38,3,'Materiales de construcción','2025-03-13'),(52,610,'Efectivo',422.61,20,'Pinturas o accesorios','2025-03-13'),(1,611,'Transferencia',449.85,13,'Herramientas manuales','2025-03-13'),(235,612,'Efectivo',116.29,5,'Productos de ferretería general','2025-03-13'),(215,613,'Efectivo',494.34,15,'Seguridad industrial','2025-03-13'),(111,614,'Tarjeta',158.08,9,'Productos de ferretería general','2025-03-13'),(98,615,'Transferencia',153.87,4,'Seguridad industrial','2025-03-13'),(209,616,'Efectivo',417.01,23,'Electricidad e iluminación','2025-03-14'),(224,617,'Tarjeta',417.38,14,'Seguridad industrial','2025-03-14'),(152,618,'Transferencia',316.02,21,'Materiales de construcción','2025-03-14'),(185,619,'Efectivo',448.42,15,'Tuberías y plomería','2025-03-14'),(76,620,'Efectivo',335.67,16,'Electricidad e iluminación','2025-03-14'),(235,621,'Transferencia',126.03,14,'Productos de ferretería general','2025-03-14'),(107,622,'Transferencia',205.7,18,'Productos de ferretería general','2025-03-14'),(219,623,'Tarjeta',84.25,17,'Seguridad industrial','2025-03-14'),(240,624,'Tarjeta',104.21,2,'Productos de ferretería general','2025-03-14'),(183,625,'Efectivo',438.63,22,'Tuberías y plomería','2025-03-14'),(78,626,'Tarjeta',21.19,22,'Electricidad e iluminación','2025-03-14'),(86,627,'Efectivo',412.67,18,'Electricidad e iluminación','2025-03-14'),(3,628,'Efectivo',198.52,25,'Herramientas manuales','2025-03-14'),(120,629,'Efectivo',353.11,15,'Productos de ferretería general','2025-03-14'),(8,630,'Efectivo',142.37,24,'Herramientas manuales','2025-03-14'),(87,631,'Efectivo',373.47,19,'Electricidad e iluminación','2025-03-15'),(6,632,'Transferencia',77.44,15,'Herramientas manuales','2025-03-15'),(136,633,'Transferencia',373.88,5,'Herramientas eléctricas','2025-03-15'),(150,634,'Efectivo',447.89,20,'Herramientas eléctricas','2025-03-15'),(179,635,'Transferencia',26.49,24,'Pinturas o accesorios','2025-03-15'),(199,636,'Transferencia',433.25,22,'Electricidad e iluminación','2025-03-15'),(91,637,'Transferencia',136.24,20,'Seguridad industrial','2025-03-15'),(227,638,'Transferencia',206.8,18,'Productos de ferretería general','2025-03-15'),(163,639,'Transferencia',382.18,24,'Materiales de construcción','2025-03-15'),(90,640,'Tarjeta',464.39,23,'Electricidad e iluminación','2025-03-15'),(85,641,'Tarjeta',53.1,18,'Electricidad e iluminación','2025-03-15'),(60,642,'Tarjeta',363.21,8,'Pinturas o accesorios','2025-03-15'),(216,643,'Tarjeta',391.37,13,'Seguridad industrial','2025-03-15'),(124,644,'Transferencia',383.29,8,'Herramientas manuales','2025-03-15'),(156,645,'Efectivo',455.73,8,'Materiales de construcción','2025-03-15'),(204,646,'Transferencia',406.7,9,'Electricidad e iluminación','2025-03-16'),(157,647,'Tarjeta',338.02,4,'Materiales de construcción','2025-03-16'),(69,648,'Efectivo',494.21,2,'Tuberías y plomería','2025-03-16'),(44,649,'Efectivo',37.88,12,'Materiales de construcción','2025-03-16'),(131,650,'Efectivo',455.32,1,'Herramientas manuales','2025-03-16'),(78,651,'Efectivo',464.15,19,'Electricidad e iluminación','2025-03-16'),(239,652,'Transferencia',441.21,19,'Productos de ferretería general','2025-03-16'),(42,653,'Transferencia',178.55,15,'Materiales de construcción','2025-03-16'),(129,654,'Tarjeta',91,18,'Herramientas manuales','2025-03-16'),(68,655,'Tarjeta',242.98,6,'Tuberías y plomería','2025-03-16'),(148,656,'Transferencia',261.06,14,'Herramientas eléctricas','2025-03-16'),(232,657,'Efectivo',346.19,25,'Productos de ferretería general','2025-03-16'),(216,658,'Efectivo',139.41,3,'Seguridad industrial','2025-03-16'),(230,659,'Tarjeta',36.83,22,'Productos de ferretería general','2025-03-16'),(205,660,'Efectivo',205.68,21,'Electricidad e iluminación','2025-03-16'),(128,661,'Tarjeta',217.61,10,'Herramientas manuales','2025-03-17'),(115,662,'Efectivo',118.56,25,'Productos de ferretería general','2025-03-17'),(214,663,'Efectivo',42.03,2,'Seguridad industrial','2025-03-17'),(57,664,'Tarjeta',60.97,2,'Pinturas o accesorios','2025-03-17'),(208,665,'Tarjeta',215.81,16,'Electricidad e iluminación','2025-03-17'),(41,666,'Efectivo',246.74,6,'Materiales de construcción','2025-03-17'),(168,667,'Tarjeta',16.66,16,'Pinturas o accesorios','2025-03-17'),(92,668,'Transferencia',51.21,5,'Seguridad industrial','2025-03-17'),(154,669,'Efectivo',415.98,1,'Materiales de construcción','2025-03-17'),(177,670,'Efectivo',267.62,6,'Pinturas o accesorios','2025-03-17'),(134,671,'Efectivo',272.19,21,'Herramientas manuales','2025-03-17'),(78,672,'Tarjeta',377.77,15,'Electricidad e iluminación','2025-03-17'),(207,673,'Efectivo',240.7,6,'Electricidad e iluminación','2025-03-17'),(128,674,'Tarjeta',275.09,12,'Herramientas manuales','2025-03-17'),(190,675,'Transferencia',197.59,7,'Tuberías y plomería','2025-03-17'),(36,676,'Transferencia',145.19,21,'Materiales de construcción','2025-03-18'),(204,677,'Tarjeta',436.9,24,'Electricidad e iluminación','2025-03-18'),(17,678,'Tarjeta',347.32,21,'Herramientas eléctricas','2025-03-18'),(107,679,'Transferencia',184.88,11,'Productos de ferretería general','2025-03-18'),(103,680,'Efectivo',455.41,10,'Seguridad industrial','2025-03-18'),(25,681,'Efectivo',387.13,4,'Herramientas eléctricas','2025-03-18'),(40,682,'Efectivo',94.27,22,'Materiales de construcción','2025-03-18'),(201,683,'Efectivo',120.48,4,'Electricidad e iluminación','2025-03-18'),(127,684,'Transferencia',255.37,14,'Herramientas manuales','2025-03-18'),(183,685,'Transferencia',103,7,'Tuberías y plomería','2025-03-18'),(210,686,'Efectivo',213.83,20,'Electricidad e iluminación','2025-03-18'),(29,687,'Transferencia',256.12,15,'Herramientas eléctricas','2025-03-18'),(35,688,'Tarjeta',181.9,21,'Materiales de construcción','2025-03-18'),(193,689,'Tarjeta',446.63,5,'Tuberías y plomería','2025-03-18'),(117,690,'Efectivo',326.5,7,'Productos de ferretería general','2025-03-18'),(1,691,'Tarjeta',230.15,17,'Herramientas manuales','2025-03-19'),(219,692,'Tarjeta',90.84,21,'Seguridad industrial','2025-03-19'),(154,693,'Transferencia',435.91,7,'Materiales de construcción','2025-03-19'),(115,694,'Transferencia',174.44,4,'Productos de ferretería general','2025-03-19'),(59,695,'Efectivo',119.47,17,'Pinturas o accesorios','2025-03-19'),(86,696,'Tarjeta',288.8,14,'Electricidad e iluminación','2025-03-19'),(220,697,'Tarjeta',481.95,10,'Seguridad industrial','2025-03-19'),(212,698,'Transferencia',421.97,23,'Seguridad industrial','2025-03-19'),(107,699,'Tarjeta',176.95,8,'Productos de ferretería general','2025-03-19'),(163,700,'Transferencia',53.86,15,'Materiales de construcción','2025-03-19'),(238,701,'Transferencia',389.36,24,'Productos de ferretería general','2025-03-19'),(36,702,'Transferencia',250.2,3,'Materiales de construcción','2025-03-19'),(212,703,'Efectivo',405.81,24,'Seguridad industrial','2025-03-19'),(59,704,'Transferencia',271.47,6,'Pinturas o accesorios','2025-03-19'),(80,705,'Tarjeta',244.09,10,'Electricidad e iluminación','2025-03-19'),(119,706,'Tarjeta',72.79,25,'Productos de ferretería general','2025-03-20'),(203,707,'Tarjeta',256.61,14,'Electricidad e iluminación','2025-03-20'),(207,708,'Transferencia',276.69,4,'Electricidad e iluminación','2025-03-20'),(156,709,'Efectivo',421.95,24,'Materiales de construcción','2025-03-20'),(207,710,'Transferencia',351.36,7,'Electricidad e iluminación','2025-03-20'),(46,711,'Transferencia',132.5,15,'Pinturas o accesorios','2025-03-20'),(47,712,'Efectivo',478.08,8,'Pinturas o accesorios','2025-03-20'),(107,713,'Tarjeta',319.13,20,'Productos de ferretería general','2025-03-20'),(81,714,'Transferencia',488.69,6,'Electricidad e iluminación','2025-03-20'),(42,715,'Efectivo',70.24,20,'Materiales de construcción','2025-03-20'),(51,716,'Efectivo',240.88,19,'Pinturas o accesorios','2025-03-20'),(68,717,'Efectivo',334.61,9,'Tuberías y plomería','2025-03-20'),(1,718,'Efectivo',224.09,13,'Herramientas manuales','2025-03-20'),(79,719,'Efectivo',273.99,22,'Electricidad e iluminación','2025-03-20'),(197,720,'Efectivo',106.35,19,'Electricidad e iluminación','2025-03-20'),(39,721,'Tarjeta',485.71,13,'Materiales de construcción','2025-03-21'),(230,722,'Tarjeta',419.53,4,'Productos de ferretería general','2025-03-21'),(226,723,'Efectivo',445.61,7,'Productos de ferretería general','2025-03-21'),(106,724,'Tarjeta',243.67,11,'Productos de ferretería general','2025-03-21'),(107,725,'Efectivo',168.68,16,'Productos de ferretería general','2025-03-21'),(92,726,'Tarjeta',390.21,14,'Seguridad industrial','2025-03-21'),(109,727,'Transferencia',337.01,13,'Productos de ferretería general','2025-03-21'),(21,728,'Transferencia',101.27,7,'Herramientas eléctricas','2025-03-21'),(228,729,'Efectivo',373.33,24,'Productos de ferretería general','2025-03-21'),(214,730,'Efectivo',444.07,15,'Seguridad industrial','2025-03-21'),(198,731,'Tarjeta',200.24,19,'Electricidad e iluminación','2025-03-21'),(239,732,'Tarjeta',255.97,16,'Productos de ferretería general','2025-03-21'),(175,733,'Transferencia',210.97,7,'Pinturas o accesorios','2025-03-21'),(142,734,'Efectivo',92.71,21,'Herramientas eléctricas','2025-03-21'),(86,735,'Tarjeta',400.79,1,'Electricidad e iluminación','2025-03-21'),(82,736,'Efectivo',295.03,13,'Electricidad e iluminación','2025-03-22'),(93,737,'Transferencia',413.99,24,'Seguridad industrial','2025-03-22'),(69,738,'Tarjeta',161.83,23,'Tuberías y plomería','2025-03-22'),(111,739,'Tarjeta',436.76,4,'Productos de ferretería general','2025-03-22'),(85,740,'Efectivo',425.17,18,'Electricidad e iluminación','2025-03-22'),(64,741,'Transferencia',309.16,1,'Tuberías y plomería','2025-03-22'),(217,742,'Efectivo',255.14,19,'Seguridad industrial','2025-03-22'),(222,743,'Efectivo',111.19,11,'Seguridad industrial','2025-03-22'),(178,744,'Transferencia',52.69,7,'Pinturas o accesorios','2025-03-22'),(233,745,'Transferencia',315.85,13,'Productos de ferretería general','2025-03-22'),(92,746,'Efectivo',171,13,'Seguridad industrial','2025-03-22'),(40,747,'Transferencia',67.74,7,'Materiales de construcción','2025-03-22'),(47,748,'Transferencia',318.32,9,'Pinturas o accesorios','2025-03-22'),(142,749,'Tarjeta',272.55,23,'Herramientas eléctricas','2025-03-22'),(122,750,'Efectivo',115.6,2,'Herramientas manuales','2025-03-22'),(104,751,'Efectivo',105.03,16,'Seguridad industrial','2025-03-23'),(158,752,'Transferencia',306.25,13,'Materiales de construcción','2025-03-23'),(194,753,'Tarjeta',409.15,15,'Tuberías y plomería','2025-03-23'),(17,754,'Efectivo',60.18,25,'Herramientas eléctricas','2025-03-23'),(164,755,'Efectivo',407.89,4,'Materiales de construcción','2025-03-23'),(51,756,'Transferencia',277.04,24,'Pinturas o accesorios','2025-03-23'),(179,757,'Efectivo',220.06,16,'Pinturas o accesorios','2025-03-23'),(210,758,'Tarjeta',452.09,11,'Electricidad e iluminación','2025-03-23'),(161,759,'Tarjeta',365.08,21,'Materiales de construcción','2025-03-23'),(25,760,'Tarjeta',428.86,24,'Herramientas eléctricas','2025-03-23'),(229,761,'Efectivo',103.01,20,'Productos de ferretería general','2025-03-23'),(100,762,'Transferencia',12.24,14,'Seguridad industrial','2025-03-23'),(12,763,'Efectivo',74.55,3,'Herramientas manuales','2025-03-23'),(198,764,'Efectivo',479.69,15,'Electricidad e iluminación','2025-03-23'),(174,765,'Tarjeta',366.43,12,'Pinturas o accesorios','2025-03-23'),(1,766,'Tarjeta',187.32,5,'Herramientas manuales','2025-03-24'),(70,767,'Transferencia',5.99,7,'Tuberías y plomería','2025-03-24'),(32,768,'Transferencia',312.69,8,'Materiales de construcción','2025-03-24'),(118,769,'Tarjeta',277.06,1,'Productos de ferretería general','2025-03-24'),(17,770,'Efectivo',468.71,1,'Herramientas eléctricas','2025-03-24'),(177,771,'Efectivo',450.36,23,'Pinturas o accesorios','2025-03-24'),(159,772,'Efectivo',23.49,22,'Materiales de construcción','2025-03-24'),(14,773,'Transferencia',26.12,13,'Herramientas manuales','2025-03-24'),(161,774,'Efectivo',257.33,19,'Materiales de construcción','2025-03-24'),(90,775,'Transferencia',267.08,9,'Electricidad e iluminación','2025-03-24'),(105,776,'Transferencia',135.29,7,'Seguridad industrial','2025-03-24'),(199,777,'Transferencia',417.34,16,'Electricidad e iluminación','2025-03-24'),(58,778,'Efectivo',201.36,20,'Pinturas o accesorios','2025-03-24'),(202,779,'Efectivo',320.48,1,'Electricidad e iluminación','2025-03-24'),(231,780,'Transferencia',330.43,11,'Productos de ferretería general','2025-03-24'),(79,781,'Tarjeta',423.29,25,'Electricidad e iluminación','2025-03-25'),(206,782,'Tarjeta',198.61,20,'Electricidad e iluminación','2025-03-25'),(220,783,'Transferencia',74.1,17,'Seguridad industrial','2025-03-25'),(7,784,'Efectivo',119.67,20,'Herramientas manuales','2025-03-25'),(68,785,'Efectivo',224.62,17,'Tuberías y plomería','2025-03-25'),(93,786,'Tarjeta',406.08,9,'Seguridad industrial','2025-03-25'),(44,787,'Efectivo',476.25,21,'Materiales de construcción','2025-03-25'),(207,788,'Efectivo',217.84,16,'Electricidad e iluminación','2025-03-25'),(145,789,'Efectivo',258.54,23,'Herramientas eléctricas','2025-03-25'),(85,790,'Transferencia',60.68,9,'Electricidad e iluminación','2025-03-25'),(167,791,'Efectivo',201.67,19,'Pinturas o accesorios','2025-03-25'),(37,792,'Efectivo',176.44,10,'Materiales de construcción','2025-03-25'),(64,793,'Efectivo',165.12,6,'Tuberías y plomería','2025-03-25'),(89,794,'Tarjeta',350.61,7,'Electricidad e iluminación','2025-03-25'),(44,795,'Tarjeta',384.86,17,'Materiales de construcción','2025-03-25'),(95,796,'Tarjeta',370,12,'Seguridad industrial','2025-03-26'),(105,797,'Efectivo',417.14,7,'Seguridad industrial','2025-03-26'),(94,798,'Efectivo',330.22,10,'Seguridad industrial','2025-03-26'),(58,799,'Efectivo',171.63,4,'Pinturas o accesorios','2025-03-26'),(206,800,'Transferencia',418.93,9,'Electricidad e iluminación','2025-03-26'),(177,801,'Transferencia',143.07,2,'Pinturas o accesorios','2025-03-26'),(103,802,'Efectivo',297.92,20,'Seguridad industrial','2025-03-26'),(240,803,'Efectivo',239.59,10,'Productos de ferretería general','2025-03-26'),(239,804,'Transferencia',227.52,23,'Productos de ferretería general','2025-03-26'),(196,805,'Efectivo',125.38,6,'Electricidad e iluminación','2025-03-26'),(209,806,'Efectivo',64.13,14,'Electricidad e iluminación','2025-03-26'),(147,807,'Transferencia',109.12,25,'Herramientas eléctricas','2025-03-26'),(102,808,'Tarjeta',256.23,10,'Seguridad industrial','2025-03-26'),(134,809,'Tarjeta',80.24,25,'Herramientas manuales','2025-03-26'),(159,810,'Transferencia',313.44,2,'Materiales de construcción','2025-03-26'),(38,811,'Efectivo',238.29,25,'Materiales de construcción','2025-03-27'),(161,812,'Tarjeta',284.08,8,'Materiales de construcción','2025-03-27'),(183,813,'Tarjeta',145.9,21,'Tuberías y plomería','2025-03-27'),(31,814,'Efectivo',466.76,19,'Materiales de construcción','2025-03-27'),(87,815,'Efectivo',36.72,2,'Electricidad e iluminación','2025-03-27'),(88,816,'Efectivo',69.82,4,'Electricidad e iluminación','2025-03-27'),(48,817,'Transferencia',109.77,7,'Pinturas o accesorios','2025-03-27'),(239,818,'Efectivo',110.24,15,'Productos de ferretería general','2025-03-27'),(70,819,'Tarjeta',12.93,7,'Tuberías y plomería','2025-03-27'),(66,820,'Tarjeta',473.89,22,'Tuberías y plomería','2025-03-27'),(108,821,'Transferencia',426.98,1,'Productos de ferretería general','2025-03-27'),(143,822,'Efectivo',17.76,12,'Herramientas eléctricas','2025-03-27'),(226,823,'Transferencia',20.76,9,'Productos de ferretería general','2025-03-27'),(39,824,'Transferencia',202.29,15,'Materiales de construcción','2025-03-27'),(91,825,'Transferencia',364.4,5,'Seguridad industrial','2025-03-27'),(104,826,'Tarjeta',236.6,25,'Seguridad industrial','2025-03-28'),(171,827,'Efectivo',344.91,25,'Pinturas o accesorios','2025-03-28'),(23,828,'Tarjeta',40.51,3,'Herramientas eléctricas','2025-03-28'),(17,829,'Transferencia',307.67,9,'Herramientas eléctricas','2025-03-28'),(83,830,'Tarjeta',281.82,3,'Electricidad e iluminación','2025-03-28'),(121,831,'Efectivo',215.71,7,'Herramientas manuales','2025-03-28'),(32,832,'Tarjeta',280.77,5,'Materiales de construcción','2025-03-28'),(52,833,'Tarjeta',310.44,9,'Pinturas o accesorios','2025-03-28'),(97,834,'Transferencia',181.04,2,'Seguridad industrial','2025-03-28'),(211,835,'Efectivo',135.08,23,'Seguridad industrial','2025-03-28'),(26,836,'Transferencia',334.39,15,'Herramientas eléctricas','2025-03-28'),(12,837,'Transferencia',221.06,15,'Herramientas manuales','2025-03-28'),(183,838,'Tarjeta',176.29,9,'Tuberías y plomería','2025-03-28'),(114,839,'Tarjeta',342.38,18,'Productos de ferretería general','2025-03-28'),(205,840,'Transferencia',82.04,9,'Electricidad e iluminación','2025-03-28'),(92,841,'Transferencia',50.88,16,'Seguridad industrial','2025-03-29'),(70,842,'Efectivo',463.14,13,'Tuberías y plomería','2025-03-29'),(42,843,'Transferencia',124.09,1,'Materiales de construcción','2025-03-29'),(217,844,'Tarjeta',122,23,'Seguridad industrial','2025-03-29'),(113,845,'Efectivo',228.53,4,'Productos de ferretería general','2025-03-29'),(135,846,'Efectivo',263.16,3,'Herramientas manuales','2025-03-29'),(157,847,'Efectivo',199.68,8,'Materiales de construcción','2025-03-29'),(185,848,'Tarjeta',44.52,19,'Tuberías y plomería','2025-03-29'),(60,849,'Transferencia',191.22,8,'Pinturas o accesorios','2025-03-29'),(135,850,'Efectivo',196.37,24,'Herramientas manuales','2025-03-29'),(154,851,'Efectivo',243.98,10,'Materiales de construcción','2025-03-29'),(95,852,'Efectivo',251.53,21,'Seguridad industrial','2025-03-29'),(110,853,'Transferencia',361.68,2,'Productos de ferretería general','2025-03-29'),(239,854,'Efectivo',183.87,21,'Productos de ferretería general','2025-03-29'),(43,855,'Tarjeta',329.7,4,'Materiales de construcción','2025-03-29'),(186,856,'Tarjeta',381.64,23,'Tuberías y plomería','2025-03-30'),(187,857,'Transferencia',427.67,16,'Tuberías y plomería','2025-03-30'),(208,858,'Tarjeta',454.11,23,'Electricidad e iluminación','2025-03-30'),(175,859,'Efectivo',201.37,3,'Pinturas o accesorios','2025-03-30'),(8,860,'Transferencia',167.76,2,'Herramientas manuales','2025-03-30'),(166,861,'Tarjeta',229.57,13,'Pinturas o accesorios','2025-03-30'),(200,862,'Transferencia',463.26,21,'Electricidad e iluminación','2025-03-30'),(117,863,'Tarjeta',89.14,16,'Productos de ferretería general','2025-03-30'),(90,864,'Transferencia',83.62,16,'Electricidad e iluminación','2025-03-30'),(42,865,'Efectivo',448.47,19,'Materiales de construcción','2025-03-30'),(67,866,'Efectivo',63.54,12,'Tuberías y plomería','2025-03-30'),(225,867,'Efectivo',352.1,11,'Seguridad industrial','2025-03-30'),(237,868,'Efectivo',79.22,8,'Productos de ferretería general','2025-03-30'),(30,869,'Efectivo',136.72,11,'Herramientas eléctricas','2025-03-30'),(159,870,'Transferencia',13.06,14,'Materiales de construcción','2025-03-30'),(102,871,'Transferencia',277.29,8,'Seguridad industrial','2025-03-31'),(162,872,'Transferencia',145.59,18,'Materiales de construcción','2025-03-31'),(20,873,'Tarjeta',16.12,21,'Herramientas eléctricas','2025-03-31'),(154,874,'Efectivo',236.81,13,'Materiales de construcción','2025-03-31'),(216,875,'Transferencia',14.63,25,'Seguridad industrial','2025-03-31'),(148,876,'Tarjeta',37.4,15,'Herramientas eléctricas','2025-03-31'),(134,877,'Transferencia',16.88,15,'Herramientas manuales','2025-03-31'),(2,878,'Tarjeta',31.27,1,'Herramientas manuales','2025-03-31'),(144,879,'Tarjeta',219.22,3,'Herramientas eléctricas','2025-03-31'),(129,880,'Efectivo',248.38,12,'Herramientas manuales','2025-03-31'),(119,881,'Tarjeta',321.62,9,'Productos de ferretería general','2025-03-31'),(7,882,'Tarjeta',27.91,19,'Herramientas manuales','2025-03-31'),(150,883,'Transferencia',180.1,19,'Herramientas eléctricas','2025-03-31'),(134,884,'Efectivo',439.73,15,'Herramientas manuales','2025-03-31'),(229,885,'Efectivo',61.9,20,'Productos de ferretería general','2025-03-31'),(227,886,'Efectivo',10.62,25,'Productos de ferretería general','2025-04-01'),(74,887,'Efectivo',451.38,5,'Tuberías y plomería','2025-04-01'),(92,888,'Transferencia',364.28,15,'Seguridad industrial','2025-04-01'),(15,889,'Efectivo',33.59,18,'Herramientas manuales','2025-04-01'),(206,890,'Transferencia',343.42,1,'Electricidad e iluminación','2025-04-01'),(59,891,'Transferencia',477.24,4,'Pinturas o accesorios','2025-04-01'),(112,892,'Tarjeta',265.45,1,'Productos de ferretería general','2025-04-01'),(124,893,'Efectivo',168.48,13,'Herramientas manuales','2025-04-01'),(190,894,'Tarjeta',319.65,16,'Tuberías y plomería','2025-04-01'),(11,895,'Efectivo',115.9,3,'Herramientas manuales','2025-04-01'),(129,896,'Tarjeta',68.53,15,'Herramientas manuales','2025-04-01'),(128,897,'Efectivo',79.45,15,'Herramientas manuales','2025-04-01'),(201,898,'Tarjeta',308.91,25,'Electricidad e iluminación','2025-04-01'),(215,899,'Efectivo',381.78,14,'Seguridad industrial','2025-04-01'),(89,900,'Tarjeta',33.53,5,'Electricidad e iluminación','2025-04-01'),(69,901,'Transferencia',417.44,23,'Tuberías y plomería','2025-04-02'),(150,902,'Tarjeta',239.77,24,'Herramientas eléctricas','2025-04-02'),(138,903,'Efectivo',242.03,24,'Herramientas eléctricas','2025-04-02'),(113,904,'Transferencia',404.48,5,'Productos de ferretería general','2025-04-02'),(23,905,'Efectivo',86.52,4,'Herramientas eléctricas','2025-04-02'),(195,906,'Transferencia',269.89,16,'Tuberías y plomería','2025-04-02'),(204,907,'Efectivo',485.71,22,'Electricidad e iluminación','2025-04-02'),(209,908,'Transferencia',372.71,18,'Electricidad e iluminación','2025-04-02'),(43,909,'Tarjeta',64.41,12,'Materiales de construcción','2025-04-02'),(172,910,'Tarjeta',134.25,5,'Pinturas o accesorios','2025-04-02'),(232,911,'Transferencia',216.5,1,'Productos de ferretería general','2025-04-02'),(120,912,'Tarjeta',12.37,4,'Productos de ferretería general','2025-04-02'),(212,913,'Efectivo',422.1,14,'Seguridad industrial','2025-04-02'),(55,914,'Transferencia',438.35,2,'Pinturas o accesorios','2025-04-02'),(7,915,'Transferencia',45.57,2,'Herramientas manuales','2025-04-02'),(1,916,'Transferencia',102.64,14,'Herramientas manuales','2025-04-03'),(82,917,'Transferencia',113.91,9,'Electricidad e iluminación','2025-04-03'),(53,918,'Efectivo',276.98,24,'Pinturas o accesorios','2025-04-03'),(160,919,'Efectivo',403.17,5,'Materiales de construcción','2025-04-03'),(173,920,'Transferencia',95.85,10,'Pinturas o accesorios','2025-04-03'),(181,921,'Tarjeta',465.75,7,'Tuberías y plomería','2025-04-03'),(86,922,'Tarjeta',45.33,16,'Electricidad e iluminación','2025-04-03'),(164,923,'Tarjeta',424.41,23,'Materiales de construcción','2025-04-03'),(44,924,'Transferencia',152.82,21,'Materiales de construcción','2025-04-03'),(228,925,'Efectivo',285.28,6,'Productos de ferretería general','2025-04-03'),(188,926,'Tarjeta',64.68,13,'Tuberías y plomería','2025-04-03'),(61,927,'Efectivo',113.69,3,'Tuberías y plomería','2025-04-03'),(240,928,'Transferencia',352.98,22,'Productos de ferretería general','2025-04-03'),(168,929,'Efectivo',41.91,3,'Pinturas o accesorios','2025-04-03'),(166,930,'Tarjeta',320.72,8,'Pinturas o accesorios','2025-04-03'),(96,931,'Tarjeta',89.79,10,'Seguridad industrial','2025-04-04'),(131,932,'Transferencia',441.34,3,'Herramientas manuales','2025-04-04'),(219,933,'Transferencia',193.93,15,'Seguridad industrial','2025-04-04'),(201,934,'Transferencia',455.48,16,'Electricidad e iluminación','2025-04-04'),(5,935,'Efectivo',24.7,9,'Herramientas manuales','2025-04-04'),(33,936,'Efectivo',214.76,24,'Materiales de construcción','2025-04-04'),(11,937,'Transferencia',85.52,20,'Herramientas manuales','2025-04-04'),(155,938,'Efectivo',187.24,19,'Materiales de construcción','2025-04-04'),(65,939,'Efectivo',282.5,22,'Tuberías y plomería','2025-04-04'),(23,940,'Efectivo',55.93,7,'Herramientas eléctricas','2025-04-04'),(184,941,'Transferencia',52.71,11,'Tuberías y plomería','2025-04-04'),(175,942,'Transferencia',417.59,2,'Pinturas o accesorios','2025-04-04'),(33,943,'Transferencia',38.3,9,'Materiales de construcción','2025-04-04'),(163,944,'Transferencia',166.57,17,'Materiales de construcción','2025-04-04'),(122,945,'Tarjeta',455.88,16,'Herramientas manuales','2025-04-04'),(134,946,'Transferencia',263.38,19,'Herramientas manuales','2025-04-05'),(161,947,'Tarjeta',322.59,22,'Materiales de construcción','2025-04-05'),(29,948,'Transferencia',336.7,18,'Herramientas eléctricas','2025-04-05'),(43,949,'Efectivo',467.13,10,'Materiales de construcción','2025-04-05'),(164,950,'Tarjeta',125.8,21,'Materiales de construcción','2025-04-05'),(191,951,'Tarjeta',368.53,17,'Tuberías y plomería','2025-04-05'),(146,952,'Tarjeta',14.6,8,'Herramientas eléctricas','2025-04-05'),(48,953,'Efectivo',108.09,1,'Pinturas o accesorios','2025-04-05'),(87,954,'Efectivo',218.91,17,'Electricidad e iluminación','2025-04-05'),(186,955,'Efectivo',60.11,24,'Tuberías y plomería','2025-04-05'),(101,956,'Transferencia',186.45,8,'Seguridad industrial','2025-04-05'),(47,957,'Efectivo',346.75,1,'Pinturas o accesorios','2025-04-05'),(61,958,'Transferencia',418.04,14,'Tuberías y plomería','2025-04-05'),(193,959,'Tarjeta',493.82,25,'Tuberías y plomería','2025-04-05'),(76,960,'Tarjeta',206.34,16,'Electricidad e iluminación','2025-04-05'),(232,961,'Transferencia',42.92,3,'Productos de ferretería general','2025-04-06'),(227,962,'Transferencia',218.51,5,'Productos de ferretería general','2025-04-06'),(83,963,'Efectivo',411.04,12,'Electricidad e iluminación','2025-04-06'),(47,964,'Efectivo',135.56,9,'Pinturas o accesorios','2025-04-06'),(200,965,'Tarjeta',105.58,10,'Electricidad e iluminación','2025-04-06'),(49,966,'Tarjeta',25.16,1,'Pinturas o accesorios','2025-04-06'),(205,967,'Tarjeta',497.85,18,'Electricidad e iluminación','2025-04-06'),(31,968,'Efectivo',190.54,3,'Materiales de construcción','2025-04-06'),(130,969,'Tarjeta',136.06,11,'Herramientas manuales','2025-04-06'),(196,970,'Efectivo',125.3,8,'Electricidad e iluminación','2025-04-06'),(20,971,'Efectivo',30.81,12,'Herramientas eléctricas','2025-04-06'),(64,972,'Efectivo',403.9,2,'Tuberías y plomería','2025-04-06'),(211,973,'Efectivo',411.19,18,'Seguridad industrial','2025-04-06'),(224,974,'Transferencia',41.52,13,'Seguridad industrial','2025-04-06'),(16,975,'Tarjeta',206.92,23,'Herramientas eléctricas','2025-04-06'),(62,976,'Transferencia',336.98,5,'Tuberías y plomería','2025-04-07'),(9,977,'Transferencia',327,21,'Herramientas manuales','2025-04-07'),(39,978,'Transferencia',12.26,23,'Materiales de construcción','2025-04-07'),(3,979,'Tarjeta',236.27,19,'Herramientas manuales','2025-04-07'),(127,980,'Transferencia',46.16,11,'Herramientas manuales','2025-04-07'),(118,981,'Efectivo',374.49,10,'Productos de ferretería general','2025-04-07'),(189,982,'Transferencia',257.45,1,'Tuberías y plomería','2025-04-07'),(17,983,'Efectivo',33.98,16,'Herramientas eléctricas','2025-04-07'),(135,984,'Tarjeta',84.05,24,'Herramientas manuales','2025-04-07'),(9,985,'Transferencia',241.62,14,'Herramientas manuales','2025-04-07'),(40,986,'Tarjeta',275.65,15,'Materiales de construcción','2025-04-07'),(9,987,'Tarjeta',35.63,8,'Herramientas manuales','2025-04-07'),(4,988,'Transferencia',303.71,15,'Herramientas manuales','2025-04-07'),(121,989,'Tarjeta',441.67,4,'Herramientas manuales','2025-04-07'),(162,990,'Transferencia',321.51,1,'Materiales de construcción','2025-04-07'),(152,991,'Transferencia',82.29,11,'Materiales de construcción','2025-04-08'),(120,992,'Efectivo',170.56,19,'Productos de ferretería general','2025-04-08'),(175,993,'Tarjeta',433.31,6,'Pinturas o accesorios','2025-04-08'),(10,994,'Transferencia',61.98,9,'Herramientas manuales','2025-04-08'),(128,995,'Transferencia',272.2,24,'Herramientas manuales','2025-04-08'),(158,996,'Efectivo',178.83,1,'Materiales de construcción','2025-04-08'),(8,997,'Tarjeta',476.24,15,'Herramientas manuales','2025-04-08'),(225,998,'Efectivo',325.54,25,'Seguridad industrial','2025-04-08'),(187,999,'Transferencia',261.74,15,'Tuberías y plomería','2025-04-08'),(212,1000,'Efectivo',48.62,17,'Seguridad industrial','2025-04-08'),(220,1001,'Tarjeta',367.22,9,'Seguridad industrial','2025-04-08'),(32,1002,'Tarjeta',309.07,1,'Materiales de construcción','2025-04-08'),(94,1003,'Tarjeta',116.43,23,'Seguridad industrial','2025-04-08'),(136,1004,'Tarjeta',240.04,21,'Herramientas eléctricas','2025-04-08'),(129,1005,'Tarjeta',78.66,23,'Herramientas manuales','2025-04-08'),(191,1006,'Transferencia',168.35,16,'Tuberías y plomería','2025-04-09'),(64,1007,'Tarjeta',25.07,21,'Tuberías y plomería','2025-04-09'),(158,1008,'Transferencia',89.7,15,'Materiales de construcción','2025-04-09'),(237,1009,'Transferencia',427.64,12,'Productos de ferretería general','2025-04-09'),(17,1010,'Efectivo',155.85,14,'Herramientas eléctricas','2025-04-09'),(12,1011,'Efectivo',433.52,12,'Herramientas manuales','2025-04-09'),(188,1012,'Tarjeta',303.98,11,'Tuberías y plomería','2025-04-09'),(13,1013,'Transferencia',216.54,10,'Herramientas manuales','2025-04-09'),(50,1014,'Tarjeta',56.25,3,'Pinturas o accesorios','2025-04-09'),(44,1015,'Efectivo',323.79,9,'Materiales de construcción','2025-04-09'),(113,1016,'Tarjeta',104.73,2,'Productos de ferretería general','2025-04-09'),(157,1017,'Transferencia',236.91,10,'Materiales de construcción','2025-04-09'),(41,1018,'Tarjeta',337.9,16,'Materiales de construcción','2025-04-09'),(44,1019,'Tarjeta',157.4,6,'Materiales de construcción','2025-04-09'),(216,1020,'Tarjeta',280.42,10,'Seguridad industrial','2025-04-09'),(71,1021,'Transferencia',235.55,7,'Tuberías y plomería','2025-04-10'),(104,1022,'Transferencia',201.14,9,'Seguridad industrial','2025-04-10'),(153,1023,'Tarjeta',41.34,6,'Materiales de construcción','2025-04-10'),(182,1024,'Tarjeta',241.75,5,'Tuberías y plomería','2025-04-10'),(117,1025,'Transferencia',204.77,23,'Productos de ferretería general','2025-04-10'),(163,1026,'Transferencia',195.82,10,'Materiales de construcción','2025-04-10'),(122,1027,'Efectivo',166.96,3,'Herramientas manuales','2025-04-10'),(221,1028,'Transferencia',491.43,11,'Seguridad industrial','2025-04-10'),(171,1029,'Efectivo',81.35,8,'Pinturas o accesorios','2025-04-10'),(60,1030,'Efectivo',339.89,15,'Pinturas o accesorios','2025-04-10'),(43,1031,'Transferencia',121.81,16,'Materiales de construcción','2025-04-10'),(65,1032,'Efectivo',238.86,19,'Tuberías y plomería','2025-04-10'),(77,1033,'Tarjeta',210.46,5,'Electricidad e iluminación','2025-04-10'),(33,1034,'Transferencia',386.45,12,'Materiales de construcción','2025-04-10'),(74,1035,'Tarjeta',450.62,20,'Tuberías y plomería','2025-04-10'),(12,1036,'Transferencia',7.96,9,'Herramientas manuales','2025-04-11'),(17,1037,'Tarjeta',401.9,3,'Herramientas eléctricas','2025-04-11'),(29,1038,'Tarjeta',36.35,22,'Herramientas eléctricas','2025-04-11'),(185,1039,'Tarjeta',74.62,21,'Tuberías y plomería','2025-04-11'),(62,1040,'Transferencia',272.67,11,'Tuberías y plomería','2025-04-11'),(46,1041,'Transferencia',39.12,8,'Pinturas o accesorios','2025-04-11'),(168,1042,'Tarjeta',229.4,12,'Pinturas o accesorios','2025-04-11'),(59,1043,'Tarjeta',196.45,2,'Pinturas o accesorios','2025-04-11'),(167,1044,'Transferencia',280.47,9,'Pinturas o accesorios','2025-04-11'),(50,1045,'Tarjeta',488.74,1,'Pinturas o accesorios','2025-04-11'),(47,1046,'Efectivo',142.28,18,'Pinturas o accesorios','2025-04-11'),(203,1047,'Transferencia',118.14,14,'Electricidad e iluminación','2025-04-11'),(94,1048,'Transferencia',28.49,24,'Seguridad industrial','2025-04-11'),(104,1049,'Tarjeta',192.48,3,'Seguridad industrial','2025-04-11'),(153,1050,'Transferencia',367.94,7,'Materiales de construcción','2025-04-11'),(199,1051,'Transferencia',447.73,10,'Electricidad e iluminación','2025-04-12'),(97,1052,'Efectivo',336.15,21,'Seguridad industrial','2025-04-12'),(78,1053,'Transferencia',349.27,7,'Electricidad e iluminación','2025-04-12'),(118,1054,'Tarjeta',492.61,13,'Productos de ferretería general','2025-04-12'),(1,1055,'Tarjeta',436.55,13,'Herramientas manuales','2025-04-12'),(137,1056,'Efectivo',140.93,16,'Herramientas eléctricas','2025-04-12'),(133,1057,'Transferencia',367.09,1,'Herramientas manuales','2025-04-12'),(195,1058,'Transferencia',343.29,13,'Tuberías y plomería','2025-04-12'),(166,1059,'Tarjeta',302.71,14,'Pinturas o accesorios','2025-04-12'),(32,1060,'Efectivo',345.61,4,'Materiales de construcción','2025-04-12'),(55,1061,'Tarjeta',326.26,1,'Pinturas o accesorios','2025-04-12'),(148,1062,'Tarjeta',390.86,8,'Herramientas eléctricas','2025-04-12'),(6,1063,'Tarjeta',297.21,3,'Herramientas manuales','2025-04-12'),(234,1064,'Tarjeta',58.4,20,'Productos de ferretería general','2025-04-12'),(152,1065,'Transferencia',428.55,9,'Materiales de construcción','2025-04-12'),(107,1066,'Transferencia',175.69,6,'Productos de ferretería general','2025-04-13'),(135,1067,'Efectivo',153.66,25,'Herramientas manuales','2025-04-13'),(192,1068,'Tarjeta',218.34,10,'Tuberías y plomería','2025-04-13'),(146,1069,'Efectivo',387.61,19,'Herramientas eléctricas','2025-04-13'),(99,1070,'Transferencia',402.39,18,'Seguridad industrial','2025-04-13'),(235,1071,'Transferencia',202.85,12,'Productos de ferretería general','2025-04-13'),(43,1072,'Transferencia',294.52,23,'Materiales de construcción','2025-04-13'),(38,1073,'Transferencia',480.04,23,'Materiales de construcción','2025-04-13'),(19,1074,'Tarjeta',440.92,2,'Herramientas eléctricas','2025-04-13'),(22,1075,'Transferencia',267.7,15,'Herramientas eléctricas','2025-04-13'),(61,1076,'Transferencia',323.37,6,'Tuberías y plomería','2025-04-13'),(28,1077,'Efectivo',129.94,6,'Herramientas eléctricas','2025-04-13'),(42,1078,'Tarjeta',236.97,2,'Materiales de construcción','2025-04-13'),(129,1079,'Efectivo',432.24,7,'Herramientas manuales','2025-04-13'),(103,1080,'Tarjeta',248.53,12,'Seguridad industrial','2025-04-13'),(163,1081,'Efectivo',349.83,18,'Materiales de construcción','2025-04-14'),(160,1082,'Efectivo',285.47,19,'Materiales de construcción','2025-04-14'),(150,1083,'Tarjeta',196.96,16,'Herramientas eléctricas','2025-04-14'),(140,1084,'Efectivo',428.89,3,'Herramientas eléctricas','2025-04-14'),(237,1085,'Tarjeta',302.89,6,'Productos de ferretería general','2025-04-14'),(233,1086,'Transferencia',217.1,14,'Productos de ferretería general','2025-04-14'),(30,1087,'Efectivo',64.86,17,'Herramientas eléctricas','2025-04-14'),(1,1088,'Tarjeta',225.02,5,'Herramientas manuales','2025-04-14'),(191,1089,'Transferencia',52.74,9,'Tuberías y plomería','2025-04-14'),(223,1090,'Tarjeta',152.09,16,'Seguridad industrial','2025-04-14'),(21,1091,'Transferencia',97.01,3,'Herramientas eléctricas','2025-04-14'),(225,1092,'Tarjeta',368.48,21,'Seguridad industrial','2025-04-14'),(123,1093,'Transferencia',343.91,18,'Herramientas manuales','2025-04-14'),(120,1094,'Efectivo',242.5,2,'Productos de ferretería general','2025-04-14'),(49,1095,'Transferencia',342.64,16,'Pinturas o accesorios','2025-04-14'),(172,1096,'Transferencia',176.19,10,'Pinturas o accesorios','2025-04-15'),(82,1097,'Tarjeta',414.96,20,'Electricidad e iluminación','2025-04-15'),(161,1098,'Efectivo',200.46,20,'Materiales de construcción','2025-04-15'),(70,1099,'Efectivo',473.24,16,'Tuberías y plomería','2025-04-15'),(35,1100,'Tarjeta',380.14,24,'Materiales de construcción','2025-04-15'),(137,1101,'Efectivo',179.66,16,'Herramientas eléctricas','2025-04-15'),(236,1102,'Transferencia',431.9,11,'Productos de ferretería general','2025-04-15'),(74,1103,'Efectivo',242.25,17,'Tuberías y plomería','2025-04-15'),(39,1104,'Transferencia',357.82,5,'Materiales de construcción','2025-04-15'),(124,1105,'Efectivo',142.9,7,'Herramientas manuales','2025-04-15'),(216,1106,'Tarjeta',260.46,2,'Seguridad industrial','2025-04-15'),(170,1107,'Tarjeta',208.54,20,'Pinturas o accesorios','2025-04-15'),(124,1108,'Tarjeta',455.59,1,'Herramientas manuales','2025-04-15'),(7,1109,'Tarjeta',361.98,17,'Herramientas manuales','2025-04-15'),(127,1110,'Transferencia',270.81,11,'Herramientas manuales','2025-04-15'),(74,1111,'Tarjeta',249.57,13,'Tuberías y plomería','2025-04-16'),(40,1112,'Transferencia',289.17,1,'Materiales de construcción','2025-04-16'),(117,1113,'Transferencia',388.52,5,'Productos de ferretería general','2025-04-16'),(12,1114,'Transferencia',451.62,1,'Herramientas manuales','2025-04-16'),(53,1115,'Tarjeta',190.29,1,'Pinturas o accesorios','2025-04-16'),(61,1116,'Transferencia',469.85,25,'Tuberías y plomería','2025-04-16'),(189,1117,'Transferencia',86.48,10,'Tuberías y plomería','2025-04-16'),(13,1118,'Transferencia',349.56,13,'Herramientas manuales','2025-04-16'),(188,1119,'Efectivo',58.21,7,'Tuberías y plomería','2025-04-16'),(50,1120,'Transferencia',110.77,6,'Pinturas o accesorios','2025-04-16'),(214,1121,'Tarjeta',406.67,5,'Seguridad industrial','2025-04-16'),(221,1122,'Tarjeta',26.26,22,'Seguridad industrial','2025-04-16'),(124,1123,'Tarjeta',492.51,7,'Herramientas manuales','2025-04-16'),(171,1124,'Transferencia',34.74,1,'Pinturas o accesorios','2025-04-16'),(152,1125,'Transferencia',264.77,11,'Materiales de construcción','2025-04-16'),(44,1126,'Tarjeta',17.21,22,'Materiales de construcción','2025-04-17'),(44,1127,'Tarjeta',369.13,7,'Materiales de construcción','2025-04-17'),(187,1128,'Tarjeta',449.19,21,'Tuberías y plomería','2025-04-17'),(23,1129,'Transferencia',39.61,20,'Herramientas eléctricas','2025-04-17'),(46,1130,'Tarjeta',56.19,13,'Pinturas o accesorios','2025-04-17'),(158,1131,'Efectivo',409.36,13,'Materiales de construcción','2025-04-17'),(78,1132,'Tarjeta',168.67,1,'Electricidad e iluminación','2025-04-17'),(112,1133,'Tarjeta',267.32,18,'Productos de ferretería general','2025-04-17'),(208,1134,'Tarjeta',98.57,23,'Electricidad e iluminación','2025-04-17'),(110,1135,'Transferencia',405.87,1,'Productos de ferretería general','2025-04-17'),(122,1136,'Efectivo',404.39,21,'Herramientas manuales','2025-04-17'),(109,1137,'Efectivo',381.12,11,'Productos de ferretería general','2025-04-17'),(42,1138,'Tarjeta',200.58,20,'Materiales de construcción','2025-04-17'),(126,1139,'Tarjeta',488.02,25,'Herramientas manuales','2025-04-17'),(26,1140,'Tarjeta',15.33,10,'Herramientas eléctricas','2025-04-17'),(184,1141,'Efectivo',77,24,'Tuberías y plomería','2025-04-18'),(92,1142,'Efectivo',313.82,12,'Seguridad industrial','2025-04-18'),(211,1143,'Transferencia',367.99,3,'Seguridad industrial','2025-04-18'),(49,1144,'Transferencia',102.85,9,'Pinturas o accesorios','2025-04-18'),(98,1145,'Efectivo',197.65,13,'Seguridad industrial','2025-04-18'),(146,1146,'Efectivo',330.51,11,'Herramientas eléctricas','2025-04-18'),(89,1147,'Tarjeta',487.68,7,'Electricidad e iluminación','2025-04-18'),(189,1148,'Transferencia',32.69,15,'Tuberías y plomería','2025-04-18'),(26,1149,'Tarjeta',92.26,14,'Herramientas eléctricas','2025-04-18'),(29,1150,'Efectivo',387.98,16,'Herramientas eléctricas','2025-04-18'),(122,1151,'Efectivo',107.83,9,'Herramientas manuales','2025-04-18'),(25,1152,'Tarjeta',389.09,20,'Herramientas eléctricas','2025-04-18'),(232,1153,'Efectivo',290.09,13,'Productos de ferretería general','2025-04-18'),(18,1154,'Transferencia',95.9,19,'Herramientas eléctricas','2025-04-18'),(143,1155,'Tarjeta',200.35,7,'Herramientas eléctricas','2025-04-18'),(21,1156,'Tarjeta',289.16,23,'Herramientas eléctricas','2025-04-19'),(32,1157,'Efectivo',456.61,16,'Materiales de construcción','2025-04-19'),(116,1158,'Efectivo',226.87,20,'Productos de ferretería general','2025-04-19'),(60,1159,'Tarjeta',117.89,19,'Pinturas o accesorios','2025-04-19'),(174,1160,'Transferencia',226.98,13,'Pinturas o accesorios','2025-04-19'),(55,1161,'Tarjeta',215.67,15,'Pinturas o accesorios','2025-04-19'),(2,1162,'Efectivo',486.02,23,'Herramientas manuales','2025-04-19'),(62,1163,'Tarjeta',233,22,'Tuberías y plomería','2025-04-19'),(162,1164,'Transferencia',355.78,21,'Materiales de construcción','2025-04-19'),(16,1165,'Tarjeta',269.53,1,'Herramientas eléctricas','2025-04-19'),(157,1166,'Tarjeta',390.08,25,'Materiales de construcción','2025-04-19'),(80,1167,'Tarjeta',391.8,21,'Electricidad e iluminación','2025-04-19'),(3,1168,'Tarjeta',110.55,4,'Herramientas manuales','2025-04-19'),(77,1169,'Transferencia',235.69,6,'Electricidad e iluminación','2025-04-19'),(227,1170,'Efectivo',400.53,25,'Productos de ferretería general','2025-04-19'),(51,1171,'Efectivo',83.04,23,'Pinturas o accesorios','2025-04-20'),(77,1172,'Efectivo',434.1,21,'Electricidad e iluminación','2025-04-20'),(7,1173,'Tarjeta',61.72,18,'Herramientas manuales','2025-04-20'),(31,1174,'Transferencia',346.17,16,'Materiales de construcción','2025-04-20'),(109,1175,'Efectivo',51.72,1,'Productos de ferretería general','2025-04-20'),(96,1176,'Efectivo',18.91,18,'Seguridad industrial','2025-04-20'),(231,1177,'Transferencia',123.82,23,'Productos de ferretería general','2025-04-20'),(233,1178,'Transferencia',406.25,10,'Productos de ferretería general','2025-04-20'),(187,1179,'Transferencia',274.65,3,'Tuberías y plomería','2025-04-20'),(47,1180,'Efectivo',220.32,16,'Pinturas o accesorios','2025-04-20'),(153,1181,'Transferencia',192.97,9,'Materiales de construcción','2025-04-20'),(182,1182,'Transferencia',225.16,4,'Tuberías y plomería','2025-04-20'),(85,1183,'Transferencia',391.82,20,'Electricidad e iluminación','2025-04-20'),(232,1184,'Transferencia',472.46,2,'Productos de ferretería general','2025-04-20'),(116,1185,'Tarjeta',300.6,15,'Productos de ferretería general','2025-04-20'),(237,1186,'Efectivo',245.17,16,'Productos de ferretería general','2025-04-21'),(75,1187,'Efectivo',356.37,15,'Tuberías y plomería','2025-04-21'),(52,1188,'Efectivo',237.12,20,'Pinturas o accesorios','2025-04-21'),(16,1189,'Efectivo',369.49,8,'Herramientas eléctricas','2025-04-21'),(70,1190,'Transferencia',77.53,11,'Tuberías y plomería','2025-04-21'),(134,1191,'Transferencia',191.87,14,'Herramientas manuales','2025-04-21'),(153,1192,'Efectivo',469.46,15,'Materiales de construcción','2025-04-21'),(234,1193,'Tarjeta',144.52,14,'Productos de ferretería general','2025-04-21'),(190,1194,'Efectivo',241.08,12,'Tuberías y plomería','2025-04-21'),(18,1195,'Tarjeta',465.38,14,'Herramientas eléctricas','2025-04-21'),(91,1196,'Efectivo',61.07,2,'Seguridad industrial','2025-04-21'),(97,1197,'Transferencia',225.13,15,'Seguridad industrial','2025-04-21'),(23,1198,'Transferencia',399.82,14,'Herramientas eléctricas','2025-04-21'),(65,1199,'Transferencia',190.25,12,'Tuberías y plomería','2025-04-21'),(128,1200,'Tarjeta',440.84,7,'Herramientas manuales','2025-04-21'),(174,1201,'Tarjeta',304.94,4,'Pinturas o accesorios','2025-04-22'),(173,1202,'Efectivo',344.38,7,'Pinturas o accesorios','2025-04-22'),(104,1203,'Efectivo',368.16,20,'Seguridad industrial','2025-04-22'),(110,1204,'Efectivo',91.55,13,'Productos de ferretería general','2025-04-22'),(106,1205,'Transferencia',486.11,11,'Productos de ferretería general','2025-04-22'),(180,1206,'Efectivo',182.92,15,'Pinturas o accesorios','2025-04-22'),(65,1207,'Efectivo',274.02,14,'Tuberías y plomería','2025-04-22'),(194,1208,'Transferencia',430.9,4,'Tuberías y plomería','2025-04-22'),(231,1209,'Tarjeta',102.93,15,'Productos de ferretería general','2025-04-22'),(12,1210,'Efectivo',148.6,3,'Herramientas manuales','2025-04-22'),(158,1211,'Transferencia',221.53,5,'Materiales de construcción','2025-04-22'),(208,1212,'Efectivo',222.07,23,'Electricidad e iluminación','2025-04-22'),(106,1213,'Efectivo',435.4,6,'Productos de ferretería general','2025-04-22'),(215,1214,'Tarjeta',213.22,7,'Seguridad industrial','2025-04-22'),(118,1215,'Tarjeta',20.64,21,'Productos de ferretería general','2025-04-22'),(70,1216,'Tarjeta',65.12,4,'Tuberías y plomería','2025-04-23'),(18,1217,'Tarjeta',38.89,11,'Herramientas eléctricas','2025-04-23'),(4,1218,'Tarjeta',290.36,8,'Herramientas manuales','2025-04-23'),(84,1219,'Transferencia',494.74,16,'Electricidad e iluminación','2025-04-23'),(29,1220,'Efectivo',97.4,18,'Herramientas eléctricas','2025-04-23'),(229,1221,'Transferencia',103.5,11,'Productos de ferretería general','2025-04-23'),(87,1222,'Transferencia',427.53,4,'Electricidad e iluminación','2025-04-23'),(212,1223,'Efectivo',91.43,12,'Seguridad industrial','2025-04-23'),(153,1224,'Transferencia',336.7,25,'Materiales de construcción','2025-04-23'),(156,1225,'Transferencia',423.99,25,'Materiales de construcción','2025-04-23'),(218,1226,'Efectivo',63.89,22,'Seguridad industrial','2025-04-23'),(156,1227,'Efectivo',40.42,21,'Materiales de construcción','2025-04-23'),(184,1228,'Tarjeta',254.98,16,'Tuberías y plomería','2025-04-23'),(7,1229,'Tarjeta',293.42,8,'Herramientas manuales','2025-04-23'),(57,1230,'Transferencia',30.22,24,'Pinturas o accesorios','2025-04-23'),(124,1231,'Tarjeta',115.98,7,'Herramientas manuales','2025-04-24'),(42,1232,'Efectivo',106.55,25,'Materiales de construcción','2025-04-24'),(42,1233,'Transferencia',121.89,2,'Materiales de construcción','2025-04-24'),(30,1234,'Tarjeta',111.52,5,'Herramientas eléctricas','2025-04-24'),(122,1235,'Tarjeta',251.62,23,'Herramientas manuales','2025-04-24'),(78,1236,'Efectivo',351.97,18,'Electricidad e iluminación','2025-04-24'),(127,1237,'Transferencia',494.43,11,'Herramientas manuales','2025-04-24'),(215,1238,'Tarjeta',381.75,9,'Seguridad industrial','2025-04-24'),(207,1239,'Transferencia',75.67,14,'Electricidad e iluminación','2025-04-24'),(53,1240,'Efectivo',330.49,23,'Pinturas o accesorios','2025-04-24'),(82,1241,'Tarjeta',134.14,23,'Electricidad e iluminación','2025-04-24'),(151,1242,'Efectivo',449.67,9,'Materiales de construcción','2025-04-24'),(156,1243,'Efectivo',31.96,2,'Materiales de construcción','2025-04-24'),(207,1244,'Transferencia',57.23,20,'Electricidad e iluminación','2025-04-24'),(155,1245,'Transferencia',81.01,18,'Materiales de construcción','2025-04-24'),(7,1246,'Transferencia',375.87,25,'Herramientas manuales','2025-04-25'),(40,1247,'Tarjeta',74.98,22,'Materiales de construcción','2025-04-25'),(143,1248,'Efectivo',339.96,19,'Herramientas eléctricas','2025-04-25'),(6,1249,'Efectivo',474.79,8,'Herramientas manuales','2025-04-25'),(4,1250,'Efectivo',260.71,7,'Herramientas manuales','2025-04-25'),(137,1251,'Efectivo',445.46,21,'Herramientas eléctricas','2025-04-25'),(99,1252,'Transferencia',368.57,15,'Seguridad industrial','2025-04-25'),(53,1253,'Transferencia',11.23,22,'Pinturas o accesorios','2025-04-25'),(221,1254,'Tarjeta',322.66,6,'Seguridad industrial','2025-04-25'),(38,1255,'Transferencia',242.4,1,'Materiales de construcción','2025-04-25'),(103,1256,'Efectivo',410.75,9,'Seguridad industrial','2025-04-25'),(234,1257,'Efectivo',68.65,13,'Productos de ferretería general','2025-04-25'),(147,1258,'Transferencia',22.18,1,'Herramientas eléctricas','2025-04-25'),(137,1259,'Transferencia',161.69,11,'Herramientas eléctricas','2025-04-25'),(165,1260,'Transferencia',69.56,12,'Materiales de construcción','2025-04-25'),(50,1261,'Tarjeta',292.63,2,'Pinturas o accesorios','2025-04-26'),(109,1262,'Tarjeta',269.76,23,'Productos de ferretería general','2025-04-26'),(27,1263,'Tarjeta',487.59,7,'Herramientas eléctricas','2025-04-26'),(16,1264,'Tarjeta',487.25,23,'Herramientas eléctricas','2025-04-26'),(208,1265,'Efectivo',399.21,10,'Electricidad e iluminación','2025-04-26'),(41,1266,'Tarjeta',298.67,7,'Materiales de construcción','2025-04-26'),(151,1267,'Efectivo',311.25,15,'Materiales de construcción','2025-04-26'),(217,1268,'Efectivo',181.52,8,'Seguridad industrial','2025-04-26'),(60,1269,'Transferencia',471.42,7,'Pinturas o accesorios','2025-04-26'),(197,1270,'Tarjeta',318.67,3,'Electricidad e iluminación','2025-04-26'),(99,1271,'Transferencia',146.99,20,'Seguridad industrial','2025-04-26'),(212,1272,'Transferencia',196.4,24,'Seguridad industrial','2025-04-26'),(21,1273,'Efectivo',199.53,20,'Herramientas eléctricas','2025-04-26'),(49,1274,'Tarjeta',147.8,13,'Pinturas o accesorios','2025-04-26'),(15,1275,'Efectivo',103.79,19,'Herramientas manuales','2025-04-26'),(189,1276,'Tarjeta',167.14,6,'Tuberías y plomería','2025-04-27'),(170,1277,'Efectivo',488.85,8,'Pinturas o accesorios','2025-04-27'),(100,1278,'Transferencia',153.68,17,'Seguridad industrial','2025-04-27'),(38,1279,'Transferencia',306.16,9,'Materiales de construcción','2025-04-27'),(179,1280,'Transferencia',19.94,24,'Pinturas o accesorios','2025-04-27'),(101,1281,'Transferencia',53.52,10,'Seguridad industrial','2025-04-27'),(22,1282,'Efectivo',206.44,19,'Herramientas eléctricas','2025-04-27'),(58,1283,'Transferencia',200.55,15,'Pinturas o accesorios','2025-04-27'),(153,1284,'Transferencia',51.77,18,'Materiales de construcción','2025-04-27'),(9,1285,'Efectivo',295.89,5,'Herramientas manuales','2025-04-27'),(183,1286,'Transferencia',269.86,12,'Tuberías y plomería','2025-04-27'),(16,1287,'Transferencia',23.97,25,'Herramientas eléctricas','2025-04-27'),(122,1288,'Tarjeta',270.02,9,'Herramientas manuales','2025-04-27'),(153,1289,'Transferencia',261.98,24,'Materiales de construcción','2025-04-27'),(29,1290,'Efectivo',422.32,12,'Herramientas eléctricas','2025-04-27'),(55,1291,'Efectivo',20.78,12,'Pinturas o accesorios','2025-04-28'),(22,1292,'Efectivo',254.02,6,'Herramientas eléctricas','2025-04-28'),(168,1293,'Efectivo',405.4,20,'Pinturas o accesorios','2025-04-28'),(209,1294,'Transferencia',260.1,19,'Electricidad e iluminación','2025-04-28'),(66,1295,'Tarjeta',453.21,3,'Tuberías y plomería','2025-04-28'),(173,1296,'Efectivo',405.59,16,'Pinturas o accesorios','2025-04-28'),(46,1297,'Transferencia',46.4,17,'Pinturas o accesorios','2025-04-28'),(81,1298,'Tarjeta',458.18,10,'Electricidad e iluminación','2025-04-28'),(130,1299,'Tarjeta',129.76,5,'Herramientas manuales','2025-04-28'),(75,1300,'Tarjeta',80.95,7,'Tuberías y plomería','2025-04-28'),(54,1301,'Tarjeta',153.36,25,'Pinturas o accesorios','2025-04-28'),(192,1302,'Tarjeta',216.98,19,'Tuberías y plomería','2025-04-28'),(4,1303,'Tarjeta',64.16,4,'Herramientas manuales','2025-04-28'),(237,1304,'Efectivo',18.12,13,'Productos de ferretería general','2025-04-28'),(166,1305,'Transferencia',254.47,14,'Pinturas o accesorios','2025-04-28'),(68,1306,'Tarjeta',356.19,10,'Tuberías y plomería','2025-04-29'),(8,1307,'Tarjeta',71.28,10,'Herramientas manuales','2025-04-29'),(3,1308,'Efectivo',125.06,15,'Herramientas manuales','2025-04-29'),(159,1309,'Tarjeta',42.7,8,'Materiales de construcción','2025-04-29'),(166,1310,'Tarjeta',164.34,16,'Pinturas o accesorios','2025-04-29'),(187,1311,'Efectivo',483.39,8,'Tuberías y plomería','2025-04-29'),(96,1312,'Transferencia',432.86,4,'Seguridad industrial','2025-04-29'),(74,1313,'Efectivo',394.3,1,'Tuberías y plomería','2025-04-29'),(9,1314,'Efectivo',242.59,23,'Herramientas manuales','2025-04-29'),(203,1315,'Efectivo',189.89,1,'Electricidad e iluminación','2025-04-29'),(230,1316,'Tarjeta',102.84,19,'Productos de ferretería general','2025-04-29'),(1,1317,'Tarjeta',33.55,6,'Herramientas manuales','2025-04-29'),(131,1318,'Transferencia',299.73,9,'Herramientas manuales','2025-04-29'),(206,1319,'Efectivo',128.73,2,'Electricidad e iluminación','2025-04-29'),(81,1320,'Tarjeta',376.76,23,'Electricidad e iluminación','2025-04-29'),(116,1321,'Transferencia',107.05,20,'Productos de ferretería general','2025-04-30'),(152,1322,'Efectivo',122.4,9,'Materiales de construcción','2025-04-30'),(213,1323,'Transferencia',438.3,10,'Seguridad industrial','2025-04-30'),(64,1324,'Tarjeta',346.75,5,'Tuberías y plomería','2025-04-30'),(218,1325,'Efectivo',26.7,11,'Seguridad industrial','2025-04-30'),(163,1326,'Transferencia',385.22,17,'Materiales de construcción','2025-04-30'),(221,1327,'Efectivo',398.4,22,'Seguridad industrial','2025-04-30'),(26,1328,'Efectivo',40.83,12,'Herramientas eléctricas','2025-04-30'),(55,1329,'Efectivo',93.13,9,'Pinturas o accesorios','2025-04-30'),(206,1330,'Transferencia',304.83,18,'Electricidad e iluminación','2025-04-30'),(12,1331,'Efectivo',181.87,3,'Herramientas manuales','2025-04-30'),(36,1332,'Transferencia',169.34,13,'Materiales de construcción','2025-04-30'),(222,1333,'Tarjeta',345.37,17,'Seguridad industrial','2025-04-30'),(44,1334,'Transferencia',477.36,2,'Materiales de construcción','2025-04-30'),(75,1335,'Tarjeta',206.87,3,'Tuberías y plomería','2025-04-30'),(229,1336,'Tarjeta',219.54,2,'Productos de ferretería general','2025-05-01'),(41,1337,'Efectivo',397.25,8,'Materiales de construcción','2025-05-01'),(214,1338,'Efectivo',171.09,11,'Seguridad industrial','2025-05-01'),(214,1339,'Tarjeta',486.23,24,'Seguridad industrial','2025-05-01'),(30,1340,'Tarjeta',342.98,25,'Herramientas eléctricas','2025-05-01'),(222,1341,'Tarjeta',315.41,8,'Seguridad industrial','2025-05-01'),(220,1342,'Efectivo',318.56,22,'Seguridad industrial','2025-05-01'),(233,1343,'Efectivo',329.04,1,'Productos de ferretería general','2025-05-01'),(163,1344,'Transferencia',237.51,16,'Materiales de construcción','2025-05-01'),(200,1345,'Tarjeta',179.38,22,'Electricidad e iluminación','2025-05-01'),(13,1346,'Tarjeta',432.27,11,'Herramientas manuales','2025-05-01'),(10,1347,'Efectivo',497.46,13,'Herramientas manuales','2025-05-01'),(169,1348,'Transferencia',206.58,19,'Pinturas o accesorios','2025-05-01'),(186,1349,'Efectivo',274.98,8,'Tuberías y plomería','2025-05-01'),(22,1350,'Efectivo',314.04,6,'Herramientas eléctricas','2025-05-01'),(104,1351,'Transferencia',170.96,12,'Seguridad industrial','2025-05-02'),(38,1352,'Tarjeta',363.2,15,'Materiales de construcción','2025-05-02'),(60,1353,'Transferencia',109.34,3,'Pinturas o accesorios','2025-05-02'),(155,1354,'Efectivo',155.88,15,'Materiales de construcción','2025-05-02'),(22,1355,'Tarjeta',149.72,2,'Herramientas eléctricas','2025-05-02'),(166,1356,'Efectivo',84.99,7,'Pinturas o accesorios','2025-05-02'),(129,1357,'Tarjeta',377.53,18,'Herramientas manuales','2025-05-02'),(175,1358,'Tarjeta',18.97,21,'Pinturas o accesorios','2025-05-02'),(145,1359,'Tarjeta',75.92,19,'Herramientas eléctricas','2025-05-02'),(89,1360,'Tarjeta',259.63,17,'Electricidad e iluminación','2025-05-02'),(89,1361,'Transferencia',485.45,21,'Electricidad e iluminación','2025-05-02'),(221,1362,'Transferencia',94.94,15,'Seguridad industrial','2025-05-02'),(233,1363,'Tarjeta',312.33,9,'Productos de ferretería general','2025-05-02'),(157,1364,'Transferencia',454.64,9,'Materiales de construcción','2025-05-02'),(157,1365,'Transferencia',57.48,5,'Materiales de construcción','2025-05-02'),(204,1366,'Transferencia',133.31,18,'Electricidad e iluminación','2025-05-03'),(219,1367,'Transferencia',44.73,16,'Seguridad industrial','2025-05-03'),(158,1368,'Efectivo',70.8,10,'Materiales de construcción','2025-05-03'),(181,1369,'Tarjeta',63.69,1,'Tuberías y plomería','2025-05-03'),(116,1370,'Transferencia',417.05,10,'Productos de ferretería general','2025-05-03'),(16,1371,'Transferencia',459.18,19,'Herramientas eléctricas','2025-05-03'),(29,1372,'Efectivo',496.92,21,'Herramientas eléctricas','2025-05-03'),(184,1373,'Tarjeta',307.47,25,'Tuberías y plomería','2025-05-03'),(167,1374,'Tarjeta',332.88,19,'Pinturas o accesorios','2025-05-03'),(149,1375,'Tarjeta',439.21,2,'Herramientas eléctricas','2025-05-03'),(161,1376,'Tarjeta',333.35,19,'Materiales de construcción','2025-05-03'),(144,1377,'Transferencia',75.41,1,'Herramientas eléctricas','2025-05-03'),(196,1378,'Efectivo',98.73,24,'Electricidad e iluminación','2025-05-03'),(172,1379,'Transferencia',239.65,6,'Pinturas o accesorios','2025-05-03'),(42,1380,'Transferencia',55.98,6,'Materiales de construcción','2025-05-03'),(48,1381,'Transferencia',466.49,3,'Pinturas o accesorios','2025-05-04'),(111,1382,'Efectivo',289.58,3,'Productos de ferretería general','2025-05-04'),(91,1383,'Efectivo',347.71,21,'Seguridad industrial','2025-05-04'),(23,1384,'Efectivo',28.45,3,'Herramientas eléctricas','2025-05-04'),(154,1385,'Efectivo',154.11,14,'Materiales de construcción','2025-05-04'),(197,1386,'Efectivo',149.11,18,'Electricidad e iluminación','2025-05-04'),(111,1387,'Efectivo',83.5,22,'Productos de ferretería general','2025-05-04'),(113,1388,'Tarjeta',57.67,14,'Productos de ferretería general','2025-05-04'),(60,1389,'Efectivo',358.92,21,'Pinturas o accesorios','2025-05-04'),(133,1390,'Tarjeta',83.02,8,'Herramientas manuales','2025-05-04'),(66,1391,'Transferencia',272.05,8,'Tuberías y plomería','2025-05-04'),(146,1392,'Efectivo',364.51,17,'Herramientas eléctricas','2025-05-04'),(120,1393,'Tarjeta',415.53,6,'Productos de ferretería general','2025-05-04'),(222,1394,'Tarjeta',104.94,18,'Seguridad industrial','2025-05-04'),(59,1395,'Transferencia',54.86,14,'Pinturas o accesorios','2025-05-04'),(201,1396,'Tarjeta',451.79,20,'Electricidad e iluminación','2025-05-05'),(153,1397,'Tarjeta',73.79,15,'Materiales de construcción','2025-05-05'),(37,1398,'Tarjeta',143.33,12,'Materiales de construcción','2025-05-05'),(129,1399,'Efectivo',334.22,11,'Herramientas manuales','2025-05-05'),(72,1400,'Efectivo',201.85,19,'Tuberías y plomería','2025-05-05'),(1,1401,'Tarjeta',149.72,9,'Herramientas manuales','2025-05-05'),(236,1402,'Efectivo',183,11,'Productos de ferretería general','2025-05-05'),(34,1403,'Transferencia',332.49,22,'Materiales de construcción','2025-05-05'),(25,1404,'Efectivo',348.03,19,'Herramientas eléctricas','2025-05-05'),(37,1405,'Efectivo',324.7,17,'Materiales de construcción','2025-05-05'),(4,1406,'Tarjeta',17.82,2,'Herramientas manuales','2025-05-05'),(25,1407,'Transferencia',354.25,11,'Herramientas eléctricas','2025-05-05'),(154,1408,'Efectivo',389.16,15,'Materiales de construcción','2025-05-05'),(87,1409,'Efectivo',447.13,13,'Electricidad e iluminación','2025-05-05'),(69,1410,'Efectivo',496.07,10,'Tuberías y plomería','2025-05-05'),(201,1411,'Tarjeta',482.94,23,'Electricidad e iluminación','2025-05-06'),(237,1412,'Transferencia',260.26,7,'Productos de ferretería general','2025-05-06'),(194,1413,'Tarjeta',344.06,5,'Tuberías y plomería','2025-05-06'),(80,1414,'Tarjeta',449.33,22,'Electricidad e iluminación','2025-05-06'),(190,1415,'Efectivo',301.88,12,'Tuberías y plomería','2025-05-06'),(125,1416,'Tarjeta',243.64,25,'Herramientas manuales','2025-05-06'),(189,1417,'Tarjeta',57.04,5,'Tuberías y plomería','2025-05-06'),(72,1418,'Efectivo',96.69,8,'Tuberías y plomería','2025-05-06'),(179,1419,'Efectivo',290.73,6,'Pinturas o accesorios','2025-05-06'),(165,1420,'Tarjeta',201.76,17,'Materiales de construcción','2025-05-06'),(62,1421,'Efectivo',183.82,14,'Tuberías y plomería','2025-05-06'),(209,1422,'Transferencia',137.7,3,'Electricidad e iluminación','2025-05-06'),(156,1423,'Tarjeta',497.31,25,'Materiales de construcción','2025-05-06'),(129,1424,'Efectivo',454.48,18,'Herramientas manuales','2025-05-06'),(221,1425,'Tarjeta',56.98,14,'Seguridad industrial','2025-05-06'),(13,1426,'Efectivo',313.89,2,'Herramientas manuales','2025-05-07'),(155,1427,'Efectivo',467.03,2,'Materiales de construcción','2025-05-07'),(147,1428,'Tarjeta',302.91,8,'Herramientas eléctricas','2025-05-07'),(150,1429,'Tarjeta',63.46,23,'Herramientas eléctricas','2025-05-07'),(41,1430,'Efectivo',99.52,7,'Materiales de construcción','2025-05-07'),(239,1431,'Tarjeta',132.18,12,'Productos de ferretería general','2025-05-07'),(183,1432,'Transferencia',282.16,18,'Tuberías y plomería','2025-05-07'),(111,1433,'Efectivo',94.22,11,'Productos de ferretería general','2025-05-07'),(109,1434,'Transferencia',443.96,10,'Productos de ferretería general','2025-05-07'),(143,1435,'Tarjeta',226.38,22,'Herramientas eléctricas','2025-05-07'),(154,1436,'Transferencia',96.41,17,'Materiales de construcción','2025-05-07'),(38,1437,'Transferencia',181.29,17,'Materiales de construcción','2025-05-07'),(183,1438,'Efectivo',480.96,22,'Tuberías y plomería','2025-05-07'),(17,1439,'Efectivo',480.41,13,'Herramientas eléctricas','2025-05-07'),(115,1440,'Tarjeta',367.78,3,'Productos de ferretería general','2025-05-07'),(114,1441,'Transferencia',16.35,14,'Productos de ferretería general','2025-05-08'),(115,1442,'Tarjeta',496.25,18,'Productos de ferretería general','2025-05-08'),(56,1443,'Efectivo',314.48,2,'Pinturas o accesorios','2025-05-08'),(19,1444,'Tarjeta',289.24,22,'Herramientas eléctricas','2025-05-08'),(47,1445,'Efectivo',133.44,4,'Pinturas o accesorios','2025-05-08'),(6,1446,'Transferencia',148.78,11,'Herramientas manuales','2025-05-08'),(239,1447,'Efectivo',487.97,11,'Productos de ferretería general','2025-05-08'),(205,1448,'Tarjeta',437.32,4,'Electricidad e iluminación','2025-05-08'),(235,1449,'Transferencia',382.47,15,'Productos de ferretería general','2025-05-08'),(15,1450,'Transferencia',396.68,1,'Herramientas manuales','2025-05-08'),(59,1451,'Efectivo',343.69,17,'Pinturas o accesorios','2025-05-08'),(130,1452,'Efectivo',8.94,9,'Herramientas manuales','2025-05-08'),(180,1453,'Tarjeta',466.83,22,'Pinturas o accesorios','2025-05-08'),(157,1454,'Tarjeta',409.89,24,'Materiales de construcción','2025-05-08'),(136,1455,'Efectivo',374.63,4,'Herramientas eléctricas','2025-05-08'),(167,1456,'Tarjeta',8.12,14,'Pinturas o accesorios','2025-05-09'),(208,1457,'Efectivo',174.17,3,'Electricidad e iluminación','2025-05-09'),(88,1458,'Efectivo',290.03,14,'Electricidad e iluminación','2025-05-09'),(149,1459,'Transferencia',472.98,7,'Herramientas eléctricas','2025-05-09'),(105,1460,'Tarjeta',376.66,17,'Seguridad industrial','2025-05-09'),(129,1461,'Tarjeta',453.23,22,'Herramientas manuales','2025-05-09'),(169,1462,'Transferencia',181.34,23,'Pinturas o accesorios','2025-05-09'),(198,1463,'Transferencia',432.57,22,'Electricidad e iluminación','2025-05-09'),(2,1464,'Tarjeta',164.22,25,'Herramientas manuales','2025-05-09'),(194,1465,'Efectivo',384.41,25,'Tuberías y plomería','2025-05-09'),(180,1466,'Efectivo',62.01,22,'Pinturas o accesorios','2025-05-09'),(25,1467,'Tarjeta',30.66,7,'Herramientas eléctricas','2025-05-09'),(82,1468,'Tarjeta',24.8,11,'Electricidad e iluminación','2025-05-09'),(213,1469,'Transferencia',492.06,11,'Seguridad industrial','2025-05-09'),(228,1470,'Transferencia',257.01,14,'Productos de ferretería general','2025-05-09'),(143,1471,'Transferencia',26.02,1,'Herramientas eléctricas','2025-05-10'),(156,1472,'Tarjeta',327.12,20,'Materiales de construcción','2025-05-10'),(4,1473,'Tarjeta',156.79,17,'Herramientas manuales','2025-05-10'),(99,1474,'Transferencia',364.11,17,'Seguridad industrial','2025-05-10'),(135,1475,'Transferencia',209.59,15,'Herramientas manuales','2025-05-10'),(96,1476,'Transferencia',441.75,17,'Seguridad industrial','2025-05-10'),(229,1477,'Transferencia',411.18,25,'Productos de ferretería general','2025-05-10'),(136,1478,'Efectivo',50.53,20,'Herramientas eléctricas','2025-05-10'),(35,1479,'Efectivo',449.09,23,'Materiales de construcción','2025-05-10'),(190,1480,'Efectivo',312.01,16,'Tuberías y plomería','2025-05-10'),(161,1481,'Efectivo',105.61,9,'Materiales de construcción','2025-05-10'),(18,1482,'Efectivo',271.27,9,'Herramientas eléctricas','2025-05-10'),(92,1483,'Efectivo',106.34,20,'Seguridad industrial','2025-05-10'),(130,1484,'Tarjeta',42.19,19,'Herramientas manuales','2025-05-10'),(52,1485,'Efectivo',391.54,7,'Pinturas o accesorios','2025-05-10'),(64,1486,'Efectivo',193.1,8,'Tuberías y plomería','2025-05-11'),(107,1487,'Efectivo',325.65,4,'Productos de ferretería general','2025-05-11'),(28,1488,'Tarjeta',369.52,11,'Herramientas eléctricas','2025-05-11'),(16,1489,'Tarjeta',296.6,12,'Herramientas eléctricas','2025-05-11'),(100,1490,'Transferencia',222.27,20,'Seguridad industrial','2025-05-11'),(38,1491,'Transferencia',123.55,22,'Materiales de construcción','2025-05-11'),(58,1492,'Transferencia',328.95,17,'Pinturas o accesorios','2025-05-11'),(69,1493,'Transferencia',131.89,23,'Tuberías y plomería','2025-05-11'),(54,1494,'Efectivo',188.31,16,'Pinturas o accesorios','2025-05-11'),(102,1495,'Transferencia',400.01,2,'Seguridad industrial','2025-05-11'),(16,1496,'Efectivo',441.98,23,'Herramientas eléctricas','2025-05-11'),(113,1497,'Tarjeta',420.76,8,'Productos de ferretería general','2025-05-11'),(197,1498,'Tarjeta',240.07,7,'Electricidad e iluminación','2025-05-11'),(31,1499,'Efectivo',71.16,14,'Materiales de construcción','2025-05-11'),(19,1500,'Transferencia',193.99,1,'Herramientas eléctricas','2025-05-11'),(221,1501,'Transferencia',363.67,15,'Seguridad industrial','2025-05-12'),(82,1502,'Tarjeta',342.27,7,'Electricidad e iluminación','2025-05-12'),(219,1503,'Tarjeta',266.67,5,'Seguridad industrial','2025-05-12'),(142,1504,'Transferencia',85.62,8,'Herramientas eléctricas','2025-05-12'),(56,1505,'Tarjeta',149.07,5,'Pinturas o accesorios','2025-05-12'),(170,1506,'Efectivo',47.34,24,'Pinturas o accesorios','2025-05-12'),(38,1507,'Efectivo',106.88,11,'Materiales de construcción','2025-05-12'),(166,1508,'Transferencia',367.72,16,'Pinturas o accesorios','2025-05-12'),(217,1509,'Efectivo',19.88,14,'Seguridad industrial','2025-05-12'),(15,1510,'Efectivo',486.73,3,'Herramientas manuales','2025-05-12'),(4,1511,'Tarjeta',498.5,14,'Herramientas manuales','2025-05-12'),(60,1512,'Transferencia',191.16,21,'Pinturas o accesorios','2025-05-12'),(3,1513,'Tarjeta',256.02,1,'Herramientas manuales','2025-05-12'),(161,1514,'Efectivo',57.13,22,'Materiales de construcción','2025-05-12'),(210,1515,'Efectivo',359.97,22,'Electricidad e iluminación','2025-05-12'),(219,1516,'Efectivo',193.84,17,'Seguridad industrial','2025-05-13'),(122,1517,'Tarjeta',344.76,9,'Herramientas manuales','2025-05-13'),(38,1518,'Transferencia',399.31,25,'Materiales de construcción','2025-05-13'),(202,1519,'Efectivo',397.7,4,'Electricidad e iluminación','2025-05-13'),(13,1520,'Efectivo',233.94,14,'Herramientas manuales','2025-05-13'),(19,1521,'Transferencia',407.96,8,'Herramientas eléctricas','2025-05-13'),(68,1522,'Tarjeta',162.37,1,'Tuberías y plomería','2025-05-13'),(210,1523,'Tarjeta',166.72,15,'Electricidad e iluminación','2025-05-13'),(60,1524,'Efectivo',463.83,9,'Pinturas o accesorios','2025-05-13'),(48,1525,'Efectivo',66.65,9,'Pinturas o accesorios','2025-05-13'),(228,1526,'Efectivo',145.99,14,'Productos de ferretería general','2025-05-13'),(87,1527,'Efectivo',131.58,18,'Electricidad e iluminación','2025-05-13'),(60,1528,'Transferencia',498.48,7,'Pinturas o accesorios','2025-05-13'),(180,1529,'Efectivo',356.38,16,'Pinturas o accesorios','2025-05-13'),(17,1530,'Efectivo',186.94,19,'Herramientas eléctricas','2025-05-13'),(188,1531,'Tarjeta',147.61,15,'Tuberías y plomería','2025-05-14'),(136,1532,'Transferencia',254.17,17,'Herramientas eléctricas','2025-05-14'),(32,1533,'Transferencia',312.69,5,'Materiales de construcción','2025-05-14'),(2,1534,'Efectivo',461.67,8,'Herramientas manuales','2025-05-14'),(228,1535,'Tarjeta',100.26,16,'Productos de ferretería general','2025-05-14'),(179,1536,'Tarjeta',439.36,25,'Pinturas o accesorios','2025-05-14'),(138,1537,'Transferencia',42.73,19,'Herramientas eléctricas','2025-05-14'),(2,1538,'Transferencia',231.41,6,'Herramientas manuales','2025-05-14'),(200,1539,'Tarjeta',16.39,8,'Electricidad e iluminación','2025-05-14'),(105,1540,'Efectivo',120.41,3,'Seguridad industrial','2025-05-14'),(207,1541,'Efectivo',140.72,14,'Electricidad e iluminación','2025-05-14'),(100,1542,'Tarjeta',467.82,22,'Seguridad industrial','2025-05-14'),(126,1543,'Efectivo',407.92,14,'Herramientas manuales','2025-05-14'),(170,1544,'Efectivo',224.14,5,'Pinturas o accesorios','2025-05-14'),(153,1545,'Efectivo',261.17,13,'Materiales de construcción','2025-05-14'),(93,1546,'Transferencia',243.61,8,'Seguridad industrial','2025-05-15'),(40,1547,'Efectivo',51.83,24,'Materiales de construcción','2025-05-15'),(210,1548,'Efectivo',11.01,17,'Electricidad e iluminación','2025-05-15'),(231,1549,'Transferencia',49.07,10,'Productos de ferretería general','2025-05-15'),(149,1550,'Efectivo',266.43,19,'Herramientas eléctricas','2025-05-15'),(194,1551,'Efectivo',336.24,14,'Tuberías y plomería','2025-05-15'),(127,1552,'Efectivo',305.95,18,'Herramientas manuales','2025-05-15'),(170,1553,'Transferencia',52.24,2,'Pinturas o accesorios','2025-05-15'),(78,1554,'Tarjeta',309.02,25,'Electricidad e iluminación','2025-05-15'),(116,1555,'Tarjeta',293.86,23,'Productos de ferretería general','2025-05-15'),(184,1556,'Tarjeta',427.51,5,'Tuberías y plomería','2025-05-15'),(235,1557,'Transferencia',458.17,23,'Productos de ferretería general','2025-05-15'),(225,1558,'Transferencia',149.72,24,'Seguridad industrial','2025-05-15'),(172,1559,'Transferencia',143.1,11,'Pinturas o accesorios','2025-05-15'),(45,1560,'Efectivo',71.31,12,'Materiales de construcción','2025-05-15'),(218,1561,'Transferencia',229.83,19,'Seguridad industrial','2025-05-16'),(40,1562,'Efectivo',53.9,8,'Materiales de construcción','2025-05-16'),(70,1563,'Tarjeta',202.22,25,'Tuberías y plomería','2025-05-16'),(240,1564,'Tarjeta',335.83,23,'Productos de ferretería general','2025-05-16'),(123,1565,'Tarjeta',37.12,21,'Herramientas manuales','2025-05-16'),(86,1566,'Tarjeta',269.92,2,'Electricidad e iluminación','2025-05-16'),(93,1567,'Efectivo',382.81,7,'Seguridad industrial','2025-05-16'),(92,1568,'Transferencia',449.7,7,'Seguridad industrial','2025-05-16'),(76,1569,'Transferencia',294.63,4,'Electricidad e iluminación','2025-05-16'),(176,1570,'Transferencia',450.71,25,'Pinturas o accesorios','2025-05-16'),(156,1571,'Tarjeta',159.93,14,'Materiales de construcción','2025-05-16'),(185,1572,'Efectivo',386.05,15,'Tuberías y plomería','2025-05-16'),(140,1573,'Efectivo',268.3,11,'Herramientas eléctricas','2025-05-16'),(114,1574,'Efectivo',377.69,12,'Productos de ferretería general','2025-05-16'),(174,1575,'Transferencia',337.77,1,'Pinturas o accesorios','2025-05-16'),(25,1576,'Efectivo',101.07,5,'Herramientas eléctricas','2025-05-17'),(145,1577,'Transferencia',409.14,11,'Herramientas eléctricas','2025-05-17'),(69,1578,'Efectivo',264.91,6,'Tuberías y plomería','2025-05-17'),(174,1579,'Transferencia',451.2,11,'Pinturas o accesorios','2025-05-17'),(27,1580,'Efectivo',36.65,15,'Herramientas eléctricas','2025-05-17'),(61,1581,'Efectivo',68.73,20,'Tuberías y plomería','2025-05-17'),(239,1582,'Tarjeta',93.09,17,'Productos de ferretería general','2025-05-17'),(162,1583,'Transferencia',277.6,23,'Materiales de construcción','2025-05-17'),(30,1584,'Transferencia',410.51,5,'Herramientas eléctricas','2025-05-17'),(191,1585,'Efectivo',139.74,22,'Tuberías y plomería','2025-05-17'),(18,1586,'Tarjeta',45.37,1,'Herramientas eléctricas','2025-05-17'),(57,1587,'Transferencia',282.03,16,'Pinturas o accesorios','2025-05-17'),(165,1588,'Efectivo',133.77,13,'Materiales de construcción','2025-05-17'),(174,1589,'Transferencia',269.1,19,'Pinturas o accesorios','2025-05-17'),(2,1590,'Transferencia',465.05,23,'Herramientas manuales','2025-05-17'),(212,1591,'Efectivo',104.75,13,'Seguridad industrial','2025-05-18'),(77,1592,'Tarjeta',117.91,13,'Electricidad e iluminación','2025-05-18'),(11,1593,'Tarjeta',140.56,24,'Herramientas manuales','2025-05-18'),(221,1594,'Efectivo',82.94,8,'Seguridad industrial','2025-05-18'),(44,1595,'Tarjeta',315.3,21,'Materiales de construcción','2025-05-18'),(42,1596,'Tarjeta',115.88,1,'Materiales de construcción','2025-05-18'),(149,1597,'Transferencia',124.27,19,'Herramientas eléctricas','2025-05-18'),(66,1598,'Efectivo',492.04,21,'Tuberías y plomería','2025-05-18'),(142,1599,'Efectivo',362.93,6,'Herramientas eléctricas','2025-05-18'),(129,1600,'Transferencia',51.6,15,'Herramientas manuales','2025-05-18'),(29,1601,'Efectivo',412.5,1,'Herramientas eléctricas','2025-05-18'),(172,1602,'Efectivo',495.23,15,'Pinturas o accesorios','2025-05-18'),(220,1603,'Efectivo',304.52,7,'Seguridad industrial','2025-05-18'),(228,1604,'Efectivo',425.17,2,'Productos de ferretería general','2025-05-18'),(56,1605,'Tarjeta',217.15,6,'Pinturas o accesorios','2025-05-18'),(89,1606,'Tarjeta',207.14,25,'Electricidad e iluminación','2025-05-19'),(115,1607,'Tarjeta',176.35,12,'Productos de ferretería general','2025-05-19'),(87,1608,'Tarjeta',327.25,11,'Electricidad e iluminación','2025-05-19'),(138,1609,'Transferencia',429.48,20,'Herramientas eléctricas','2025-05-19'),(91,1610,'Tarjeta',396.47,20,'Seguridad industrial','2025-05-19'),(25,1611,'Efectivo',324.01,22,'Herramientas eléctricas','2025-05-19'),(158,1612,'Tarjeta',44.26,19,'Materiales de construcción','2025-05-19'),(165,1613,'Tarjeta',85.36,20,'Materiales de construcción','2025-05-19'),(66,1614,'Efectivo',61.81,19,'Tuberías y plomería','2025-05-19'),(202,1615,'Transferencia',477.12,25,'Electricidad e iluminación','2025-05-19'),(81,1616,'Tarjeta',177.31,19,'Electricidad e iluminación','2025-05-19'),(45,1617,'Tarjeta',332.51,3,'Materiales de construcción','2025-05-19'),(88,1618,'Transferencia',231.43,25,'Electricidad e iluminación','2025-05-19'),(179,1619,'Transferencia',268.8,22,'Pinturas o accesorios','2025-05-19'),(77,1620,'Tarjeta',280.7,11,'Electricidad e iluminación','2025-05-19'),(194,1621,'Transferencia',183.16,5,'Tuberías y plomería','2025-05-20'),(159,1622,'Efectivo',297.62,12,'Materiales de construcción','2025-05-20'),(215,1623,'Transferencia',418.78,1,'Seguridad industrial','2025-05-20'),(144,1624,'Tarjeta',35.4,19,'Herramientas eléctricas','2025-05-20'),(133,1625,'Transferencia',42.06,25,'Herramientas manuales','2025-05-20'),(222,1626,'Transferencia',466.63,18,'Seguridad industrial','2025-05-20'),(66,1627,'Efectivo',455.96,2,'Tuberías y plomería','2025-05-20'),(219,1628,'Efectivo',183.31,9,'Seguridad industrial','2025-05-20'),(29,1629,'Tarjeta',309.87,1,'Herramientas eléctricas','2025-05-20'),(175,1630,'Transferencia',498.2,16,'Pinturas o accesorios','2025-05-20'),(128,1631,'Transferencia',170.16,2,'Herramientas manuales','2025-05-20'),(183,1632,'Efectivo',398.06,22,'Tuberías y plomería','2025-05-20'),(108,1633,'Efectivo',420.53,7,'Productos de ferretería general','2025-05-20'),(189,1634,'Efectivo',199.18,22,'Tuberías y plomería','2025-05-20'),(12,1635,'Efectivo',320.06,1,'Herramientas manuales','2025-05-20'),(22,1636,'Efectivo',356.56,21,'Herramientas eléctricas','2025-05-21'),(23,1637,'Transferencia',107.21,1,'Herramientas eléctricas','2025-05-21'),(122,1638,'Efectivo',111.39,14,'Herramientas manuales','2025-05-21'),(24,1639,'Transferencia',340.52,13,'Herramientas eléctricas','2025-05-21'),(90,1640,'Efectivo',434.06,10,'Electricidad e iluminación','2025-05-21'),(162,1641,'Tarjeta',170.69,16,'Materiales de construcción','2025-05-21'),(56,1642,'Tarjeta',291.24,24,'Pinturas o accesorios','2025-05-21'),(192,1643,'Transferencia',155.22,18,'Tuberías y plomería','2025-05-21'),(189,1644,'Transferencia',6.21,12,'Tuberías y plomería','2025-05-21'),(186,1645,'Efectivo',199.89,25,'Tuberías y plomería','2025-05-21'),(37,1646,'Efectivo',433.63,2,'Materiales de construcción','2025-05-21'),(240,1647,'Transferencia',64.26,24,'Productos de ferretería general','2025-05-21'),(47,1648,'Transferencia',392.49,17,'Pinturas o accesorios','2025-05-21'),(152,1649,'Transferencia',229.01,6,'Materiales de construcción','2025-05-21'),(128,1650,'Transferencia',379.98,16,'Herramientas manuales','2025-05-21'),(136,1651,'Transferencia',492.93,2,'Herramientas eléctricas','2025-05-22'),(32,1652,'Efectivo',305.8,12,'Materiales de construcción','2025-05-22'),(191,1653,'Efectivo',449.3,21,'Tuberías y plomería','2025-05-22'),(93,1654,'Transferencia',326.47,16,'Seguridad industrial','2025-05-22'),(52,1655,'Efectivo',449.71,5,'Pinturas o accesorios','2025-05-22'),(124,1656,'Transferencia',35.68,19,'Herramientas manuales','2025-05-22'),(223,1657,'Transferencia',270.79,13,'Seguridad industrial','2025-05-22'),(179,1658,'Tarjeta',237.89,20,'Pinturas o accesorios','2025-05-22'),(187,1659,'Efectivo',326.46,1,'Tuberías y plomería','2025-05-22'),(4,1660,'Tarjeta',378.28,20,'Herramientas manuales','2025-05-22'),(107,1661,'Tarjeta',28.88,5,'Productos de ferretería general','2025-05-22'),(221,1662,'Transferencia',339.99,20,'Seguridad industrial','2025-05-22'),(123,1663,'Transferencia',367.13,20,'Herramientas manuales','2025-05-22'),(145,1664,'Efectivo',27.07,2,'Herramientas eléctricas','2025-05-22'),(157,1665,'Efectivo',100.26,1,'Materiales de construcción','2025-05-22'),(108,1666,'Efectivo',395.39,5,'Productos de ferretería general','2025-05-23'),(174,1667,'Efectivo',181.54,5,'Pinturas o accesorios','2025-05-23'),(153,1668,'Efectivo',306.47,23,'Materiales de construcción','2025-05-23'),(221,1669,'Tarjeta',254.43,1,'Seguridad industrial','2025-05-23'),(67,1670,'Transferencia',267.33,6,'Tuberías y plomería','2025-05-23'),(214,1671,'Efectivo',320.69,9,'Seguridad industrial','2025-05-23'),(222,1672,'Efectivo',478.1,25,'Seguridad industrial','2025-05-23'),(86,1673,'Tarjeta',129.56,9,'Electricidad e iluminación','2025-05-23'),(205,1674,'Efectivo',286.49,6,'Electricidad e iluminación','2025-05-23'),(205,1675,'Tarjeta',236.37,15,'Electricidad e iluminación','2025-05-23'),(89,1676,'Tarjeta',235.52,9,'Electricidad e iluminación','2025-05-23'),(69,1677,'Transferencia',360.95,24,'Tuberías y plomería','2025-05-23'),(141,1678,'Efectivo',128.47,12,'Herramientas eléctricas','2025-05-23'),(174,1679,'Transferencia',427.18,10,'Pinturas o accesorios','2025-05-23'),(162,1680,'Transferencia',258.87,17,'Materiales de construcción','2025-05-23'),(88,1681,'Transferencia',365.16,24,'Electricidad e iluminación','2025-05-24'),(161,1682,'Transferencia',467.76,25,'Materiales de construcción','2025-05-24'),(206,1683,'Transferencia',394.75,12,'Electricidad e iluminación','2025-05-24'),(86,1684,'Transferencia',318.33,23,'Electricidad e iluminación','2025-05-24'),(169,1685,'Transferencia',395.2,9,'Pinturas o accesorios','2025-05-24'),(203,1686,'Tarjeta',356.51,19,'Electricidad e iluminación','2025-05-24'),(190,1687,'Tarjeta',406.78,6,'Tuberías y plomería','2025-05-24'),(24,1688,'Transferencia',207.69,8,'Herramientas eléctricas','2025-05-24'),(4,1689,'Tarjeta',138.03,17,'Herramientas manuales','2025-05-24'),(124,1690,'Transferencia',149.13,24,'Herramientas manuales','2025-05-24'),(92,1691,'Tarjeta',371.67,4,'Seguridad industrial','2025-05-24'),(74,1692,'Tarjeta',364.89,16,'Tuberías y plomería','2025-05-24'),(89,1693,'Efectivo',197.07,19,'Electricidad e iluminación','2025-05-24'),(7,1694,'Tarjeta',405.06,24,'Herramientas manuales','2025-05-24'),(90,1695,'Transferencia',152.02,12,'Electricidad e iluminación','2025-05-24'),(12,1696,'Tarjeta',315.62,24,'Herramientas manuales','2025-05-25'),(31,1697,'Efectivo',101.76,24,'Materiales de construcción','2025-05-25'),(210,1698,'Transferencia',478.42,25,'Electricidad e iluminación','2025-05-25'),(12,1699,'Transferencia',53.85,16,'Herramientas manuales','2025-05-25'),(168,1700,'Transferencia',471.94,21,'Pinturas o accesorios','2025-05-25'),(208,1701,'Transferencia',80.13,2,'Electricidad e iluminación','2025-05-25'),(140,1702,'Efectivo',347.84,6,'Herramientas eléctricas','2025-05-25'),(124,1703,'Tarjeta',440.29,19,'Herramientas manuales','2025-05-25'),(186,1704,'Efectivo',228.17,20,'Tuberías y plomería','2025-05-25'),(136,1705,'Tarjeta',86.59,25,'Herramientas eléctricas','2025-05-25'),(49,1706,'Tarjeta',52.84,24,'Pinturas o accesorios','2025-05-25'),(17,1707,'Tarjeta',360.25,20,'Herramientas eléctricas','2025-05-25'),(207,1708,'Tarjeta',136.4,5,'Electricidad e iluminación','2025-05-25'),(2,1709,'Tarjeta',245.67,16,'Herramientas manuales','2025-05-25'),(106,1710,'Efectivo',381.15,11,'Productos de ferretería general','2025-05-25'),(108,1711,'Tarjeta',332.24,19,'Productos de ferretería general','2025-05-26'),(122,1712,'Efectivo',113.98,11,'Herramientas manuales','2025-05-26'),(23,1713,'Tarjeta',261.34,6,'Herramientas eléctricas','2025-05-26'),(125,1714,'Efectivo',29.14,3,'Herramientas manuales','2025-05-26'),(49,1715,'Tarjeta',102.79,18,'Pinturas o accesorios','2025-05-26'),(123,1716,'Tarjeta',121.96,15,'Herramientas manuales','2025-05-26'),(240,1717,'Tarjeta',84.87,1,'Productos de ferretería general','2025-05-26'),(76,1718,'Efectivo',397.55,17,'Electricidad e iluminación','2025-05-26'),(179,1719,'Efectivo',158.21,9,'Pinturas o accesorios','2025-05-26'),(137,1720,'Transferencia',351.84,21,'Herramientas eléctricas','2025-05-26'),(207,1721,'Efectivo',414.26,10,'Electricidad e iluminación','2025-05-26'),(120,1722,'Efectivo',399.44,11,'Productos de ferretería general','2025-05-26'),(188,1723,'Tarjeta',460.33,16,'Tuberías y plomería','2025-05-26'),(126,1724,'Efectivo',219.44,5,'Herramientas manuales','2025-05-26'),(44,1725,'Efectivo',314.84,13,'Materiales de construcción','2025-05-26'),(53,1726,'Efectivo',134.69,25,'Pinturas o accesorios','2025-05-27'),(20,1727,'Tarjeta',293.79,24,'Herramientas eléctricas','2025-05-27'),(7,1728,'Efectivo',404.04,6,'Herramientas manuales','2025-05-27'),(190,1729,'Transferencia',458.86,4,'Tuberías y plomería','2025-05-27'),(200,1730,'Tarjeta',371.39,5,'Electricidad e iluminación','2025-05-27'),(74,1731,'Tarjeta',193.77,20,'Tuberías y plomería','2025-05-27'),(208,1732,'Efectivo',415.1,3,'Electricidad e iluminación','2025-05-27'),(41,1733,'Tarjeta',336.94,24,'Materiales de construcción','2025-05-27'),(25,1734,'Efectivo',339.47,18,'Herramientas eléctricas','2025-05-27'),(10,1735,'Transferencia',104.68,15,'Herramientas manuales','2025-05-27'),(121,1736,'Tarjeta',470.25,12,'Herramientas manuales','2025-05-27'),(15,1737,'Tarjeta',46.06,9,'Herramientas manuales','2025-05-27'),(38,1738,'Efectivo',306.83,19,'Materiales de construcción','2025-05-27'),(61,1739,'Efectivo',431.52,17,'Tuberías y plomería','2025-05-27'),(156,1740,'Transferencia',412.54,9,'Materiales de construcción','2025-05-27'),(78,1741,'Transferencia',266.66,15,'Electricidad e iluminación','2025-05-28'),(48,1742,'Tarjeta',12.06,25,'Pinturas o accesorios','2025-05-28'),(52,1743,'Tarjeta',439.18,11,'Pinturas o accesorios','2025-05-28'),(234,1744,'Tarjeta',461.5,5,'Productos de ferretería general','2025-05-28'),(60,1745,'Tarjeta',325.18,20,'Pinturas o accesorios','2025-05-28'),(137,1746,'Tarjeta',86.24,5,'Herramientas eléctricas','2025-05-28'),(221,1747,'Tarjeta',415.56,18,'Seguridad industrial','2025-05-28'),(166,1748,'Efectivo',171.74,18,'Pinturas o accesorios','2025-05-28'),(22,1749,'Tarjeta',180.42,4,'Herramientas eléctricas','2025-05-28'),(51,1750,'Efectivo',91.94,4,'Pinturas o accesorios','2025-05-28'),(58,1751,'Transferencia',445.56,23,'Pinturas o accesorios','2025-05-28'),(34,1752,'Transferencia',317.95,21,'Materiales de construcción','2025-05-28'),(18,1753,'Transferencia',60.06,4,'Herramientas eléctricas','2025-05-28'),(225,1754,'Tarjeta',245.09,3,'Seguridad industrial','2025-05-28'),(43,1755,'Transferencia',388.23,23,'Materiales de construcción','2025-05-28'),(8,1756,'Transferencia',429.48,4,'Herramientas manuales','2025-05-29'),(160,1757,'Tarjeta',338.64,18,'Materiales de construcción','2025-05-29'),(95,1758,'Efectivo',58.61,6,'Seguridad industrial','2025-05-29'),(149,1759,'Tarjeta',225.96,23,'Herramientas eléctricas','2025-05-29'),(127,1760,'Transferencia',207.35,13,'Herramientas manuales','2025-05-29'),(175,1761,'Tarjeta',81.11,1,'Pinturas o accesorios','2025-05-29'),(194,1762,'Transferencia',291.05,17,'Tuberías y plomería','2025-05-29'),(218,1763,'Tarjeta',328.46,1,'Seguridad industrial','2025-05-29'),(216,1764,'Transferencia',372.48,8,'Seguridad industrial','2025-05-29'),(144,1765,'Efectivo',196.39,4,'Herramientas eléctricas','2025-05-29'),(124,1766,'Tarjeta',66.76,16,'Herramientas manuales','2025-05-29'),(212,1767,'Efectivo',170.8,8,'Seguridad industrial','2025-05-29'),(210,1768,'Tarjeta',132.55,14,'Electricidad e iluminación','2025-05-29'),(216,1769,'Tarjeta',37.41,9,'Seguridad industrial','2025-05-29'),(27,1770,'Efectivo',254.61,20,'Herramientas eléctricas','2025-05-29'),(157,1771,'Transferencia',202.24,9,'Materiales de construcción','2025-05-30'),(32,1772,'Transferencia',491.56,1,'Materiales de construcción','2025-05-30'),(42,1773,'Tarjeta',486.1,9,'Materiales de construcción','2025-05-30'),(115,1774,'Transferencia',394.17,23,'Productos de ferretería general','2025-05-30'),(41,1775,'Efectivo',234.23,17,'Materiales de construcción','2025-05-30'),(2,1776,'Transferencia',255.22,15,'Herramientas manuales','2025-05-30'),(232,1777,'Efectivo',452.33,23,'Productos de ferretería general','2025-05-30'),(221,1778,'Efectivo',490.27,24,'Seguridad industrial','2025-05-30'),(199,1779,'Transferencia',160.01,24,'Electricidad e iluminación','2025-05-30'),(134,1780,'Transferencia',400.35,11,'Herramientas manuales','2025-05-30'),(232,1781,'Tarjeta',340.77,7,'Productos de ferretería general','2025-05-30'),(36,1782,'Tarjeta',260.32,22,'Materiales de construcción','2025-05-30'),(179,1783,'Efectivo',311.35,18,'Pinturas o accesorios','2025-05-30'),(40,1784,'Efectivo',283.53,13,'Materiales de construcción','2025-05-30'),(43,1785,'Transferencia',470.84,18,'Materiales de construcción','2025-05-30'),(202,1786,'Transferencia',393.85,22,'Electricidad e iluminación','2025-05-31'),(16,1787,'Transferencia',120.23,22,'Herramientas eléctricas','2025-05-31'),(132,1788,'Tarjeta',117.93,24,'Herramientas manuales','2025-05-31'),(116,1789,'Tarjeta',169.6,18,'Productos de ferretería general','2025-05-31'),(209,1790,'Transferencia',149.45,7,'Electricidad e iluminación','2025-05-31'),(6,1791,'Transferencia',456.4,6,'Herramientas manuales','2025-05-31'),(22,1792,'Tarjeta',359.25,10,'Herramientas eléctricas','2025-05-31'),(21,1793,'Tarjeta',251.73,13,'Herramientas eléctricas','2025-05-31'),(24,1794,'Tarjeta',363.13,13,'Herramientas eléctricas','2025-05-31'),(217,1795,'Transferencia',374.49,16,'Seguridad industrial','2025-05-31'),(87,1796,'Transferencia',350.99,8,'Electricidad e iluminación','2025-05-31'),(87,1797,'Tarjeta',496.76,14,'Electricidad e iluminación','2025-05-31'),(177,1798,'Efectivo',168.21,9,'Pinturas o accesorios','2025-05-31'),(126,1799,'Efectivo',188.4,16,'Herramientas manuales','2025-05-31'),(131,1800,'Tarjeta',268.48,19,'Herramientas manuales','2025-05-31'),(74,1801,'Tarjeta',231.93,18,'Tuberías y plomería','2025-06-01'),(215,1802,'Transferencia',203.82,13,'Seguridad industrial','2025-06-01'),(16,1803,'Tarjeta',24.62,6,'Herramientas eléctricas','2025-06-01'),(32,1804,'Efectivo',369.93,17,'Materiales de construcción','2025-06-01'),(165,1805,'Tarjeta',72.14,2,'Materiales de construcción','2025-06-01'),(151,1806,'Tarjeta',454.85,6,'Materiales de construcción','2025-06-01'),(83,1807,'Tarjeta',116.05,2,'Electricidad e iluminación','2025-06-01'),(19,1808,'Transferencia',416.17,17,'Herramientas eléctricas','2025-06-01'),(167,1809,'Tarjeta',332.82,18,'Pinturas o accesorios','2025-06-01'),(198,1810,'Efectivo',123.36,4,'Electricidad e iluminación','2025-06-01'),(174,1811,'Transferencia',394.95,4,'Pinturas o accesorios','2025-06-01'),(79,1812,'Tarjeta',499.56,8,'Electricidad e iluminación','2025-06-01'),(88,1813,'Transferencia',278.57,1,'Electricidad e iluminación','2025-06-01'),(240,1814,'Efectivo',495.56,19,'Productos de ferretería general','2025-06-01'),(72,1815,'Efectivo',185.08,22,'Tuberías y plomería','2025-06-01'),(71,1816,'Efectivo',37.97,6,'Tuberías y plomería','2025-06-02'),(25,1817,'Tarjeta',65.56,19,'Herramientas eléctricas','2025-06-02'),(99,1818,'Efectivo',399.09,9,'Seguridad industrial','2025-06-02'),(53,1819,'Transferencia',146.12,21,'Pinturas o accesorios','2025-06-02'),(152,1820,'Transferencia',16.7,5,'Materiales de construcción','2025-06-02'),(208,1821,'Tarjeta',497.96,2,'Electricidad e iluminación','2025-06-02'),(126,1822,'Transferencia',319.93,6,'Herramientas manuales','2025-06-02'),(106,1823,'Efectivo',210.99,25,'Productos de ferretería general','2025-06-02'),(14,1824,'Efectivo',449.45,18,'Herramientas manuales','2025-06-02'),(128,1825,'Tarjeta',394.52,12,'Herramientas manuales','2025-06-02'),(120,1826,'Transferencia',477.72,19,'Productos de ferretería general','2025-06-02'),(164,1827,'Efectivo',390.3,7,'Materiales de construcción','2025-06-02'),(16,1828,'Transferencia',401.75,15,'Herramientas eléctricas','2025-06-02'),(121,1829,'Tarjeta',190.87,13,'Herramientas manuales','2025-06-02'),(36,1830,'Efectivo',196.42,22,'Materiales de construcción','2025-06-02'),(150,1831,'Efectivo',132.05,3,'Herramientas eléctricas','2025-06-03'),(167,1832,'Tarjeta',283.29,16,'Pinturas o accesorios','2025-06-03'),(115,1833,'Transferencia',37.49,1,'Productos de ferretería general','2025-06-03'),(10,1834,'Tarjeta',136.88,5,'Herramientas manuales','2025-06-03'),(7,1835,'Tarjeta',82.79,1,'Herramientas manuales','2025-06-03'),(43,1836,'Transferencia',73.22,15,'Materiales de construcción','2025-06-03'),(102,1837,'Transferencia',231.45,21,'Seguridad industrial','2025-06-03'),(149,1838,'Transferencia',451.37,7,'Herramientas eléctricas','2025-06-03'),(236,1839,'Transferencia',474.52,7,'Productos de ferretería general','2025-06-03'),(175,1840,'Transferencia',422.31,19,'Pinturas o accesorios','2025-06-03'),(236,1841,'Tarjeta',264.05,6,'Productos de ferretería general','2025-06-03'),(77,1842,'Efectivo',279.91,18,'Electricidad e iluminación','2025-06-03'),(80,1843,'Transferencia',287.03,21,'Electricidad e iluminación','2025-06-03'),(110,1844,'Efectivo',125.4,20,'Productos de ferretería general','2025-06-03'),(120,1845,'Tarjeta',90.21,19,'Productos de ferretería general','2025-06-03'),(175,1846,'Tarjeta',408.85,20,'Pinturas o accesorios','2025-06-04'),(24,1847,'Efectivo',139.9,17,'Herramientas eléctricas','2025-06-04'),(135,1848,'Transferencia',448.43,12,'Herramientas manuales','2025-06-04'),(178,1849,'Tarjeta',154.46,16,'Pinturas o accesorios','2025-06-04'),(36,1850,'Efectivo',492.12,17,'Materiales de construcción','2025-06-04'),(117,1851,'Tarjeta',333.98,25,'Productos de ferretería general','2025-06-04'),(96,1852,'Tarjeta',287.6,13,'Seguridad industrial','2025-06-04'),(92,1853,'Transferencia',322.1,7,'Seguridad industrial','2025-06-04'),(16,1854,'Efectivo',393.37,21,'Herramientas eléctricas','2025-06-04'),(109,1855,'Transferencia',16.31,20,'Productos de ferretería general','2025-06-04'),(140,1856,'Transferencia',451.06,13,'Herramientas eléctricas','2025-06-04'),(34,1857,'Tarjeta',75.46,6,'Materiales de construcción','2025-06-04'),(180,1858,'Efectivo',122.84,10,'Pinturas o accesorios','2025-06-04'),(80,1859,'Efectivo',395.3,18,'Electricidad e iluminación','2025-06-04'),(17,1860,'Tarjeta',359.91,8,'Herramientas eléctricas','2025-06-04'),(208,1861,'Transferencia',418.24,23,'Electricidad e iluminación','2025-06-05'),(222,1862,'Tarjeta',375.54,24,'Seguridad industrial','2025-06-05'),(193,1863,'Transferencia',159.26,23,'Tuberías y plomería','2025-06-05'),(37,1864,'Transferencia',228.46,23,'Materiales de construcción','2025-06-05'),(229,1865,'Tarjeta',436.95,4,'Productos de ferretería general','2025-06-05'),(174,1866,'Efectivo',370.99,14,'Pinturas o accesorios','2025-06-05'),(100,1867,'Efectivo',334.37,19,'Seguridad industrial','2025-06-05'),(49,1868,'Tarjeta',41.88,7,'Pinturas o accesorios','2025-06-05'),(46,1869,'Tarjeta',110.7,10,'Pinturas o accesorios','2025-06-05'),(171,1870,'Efectivo',373.11,22,'Pinturas o accesorios','2025-06-05'),(76,1871,'Tarjeta',240.68,20,'Electricidad e iluminación','2025-06-05'),(86,1872,'Tarjeta',21.82,23,'Electricidad e iluminación','2025-06-05'),(104,1873,'Transferencia',411.71,14,'Seguridad industrial','2025-06-05'),(117,1874,'Transferencia',141.31,7,'Productos de ferretería general','2025-06-05'),(135,1875,'Transferencia',210.52,19,'Herramientas manuales','2025-06-05'),(186,1876,'Transferencia',78.4,9,'Tuberías y plomería','2025-06-06'),(135,1877,'Transferencia',252.11,12,'Herramientas manuales','2025-06-06'),(70,1878,'Tarjeta',233.1,25,'Tuberías y plomería','2025-06-06'),(137,1879,'Transferencia',8.12,11,'Herramientas eléctricas','2025-06-06'),(92,1880,'Efectivo',164.48,16,'Seguridad industrial','2025-06-06'),(13,1881,'Tarjeta',66.49,9,'Herramientas manuales','2025-06-06'),(171,1882,'Efectivo',178.39,17,'Pinturas o accesorios','2025-06-06'),(154,1883,'Efectivo',403.35,25,'Materiales de construcción','2025-06-06'),(81,1884,'Transferencia',330.98,9,'Electricidad e iluminación','2025-06-06'),(94,1885,'Tarjeta',422.5,20,'Seguridad industrial','2025-06-06'),(65,1886,'Tarjeta',444.37,19,'Tuberías y plomería','2025-06-06'),(75,1887,'Transferencia',477.45,12,'Tuberías y plomería','2025-06-06'),(202,1888,'Tarjeta',272.55,25,'Electricidad e iluminación','2025-06-06'),(101,1889,'Efectivo',155.55,2,'Seguridad industrial','2025-06-06'),(47,1890,'Tarjeta',443.42,20,'Pinturas o accesorios','2025-06-06'),(60,1891,'Efectivo',413.8,7,'Pinturas o accesorios','2025-06-07'),(107,1892,'Efectivo',14.79,19,'Productos de ferretería general','2025-06-07'),(50,1893,'Efectivo',463.82,21,'Pinturas o accesorios','2025-06-07'),(118,1894,'Transferencia',177.17,20,'Productos de ferretería general','2025-06-07'),(61,1895,'Transferencia',328.98,25,'Tuberías y plomería','2025-06-07'),(82,1896,'Transferencia',237.86,14,'Electricidad e iluminación','2025-06-07'),(37,1897,'Efectivo',465.69,3,'Materiales de construcción','2025-06-07'),(33,1898,'Efectivo',499.37,14,'Materiales de construcción','2025-06-07'),(49,1899,'Tarjeta',458.6,10,'Pinturas o accesorios','2025-06-07'),(92,1900,'Tarjeta',155.95,22,'Seguridad industrial','2025-06-07'),(219,1901,'Tarjeta',80.71,2,'Seguridad industrial','2025-06-07'),(160,1902,'Transferencia',471.17,6,'Materiales de construcción','2025-06-07'),(118,1903,'Transferencia',489.32,7,'Productos de ferretería general','2025-06-07'),(91,1904,'Transferencia',153.63,16,'Seguridad industrial','2025-06-07'),(9,1905,'Efectivo',189.51,7,'Herramientas manuales','2025-06-07'),(1,1906,'Transferencia',178.66,7,'Herramientas manuales','2025-06-08'),(87,1907,'Transferencia',305,5,'Electricidad e iluminación','2025-06-08'),(30,1908,'Efectivo',117.36,10,'Herramientas eléctricas','2025-06-08'),(46,1909,'Tarjeta',481.61,5,'Pinturas o accesorios','2025-06-08'),(193,1910,'Transferencia',79.73,24,'Tuberías y plomería','2025-06-08'),(88,1911,'Transferencia',354.57,12,'Electricidad e iluminación','2025-06-08'),(199,1912,'Tarjeta',266.01,1,'Electricidad e iluminación','2025-06-08'),(233,1913,'Efectivo',34.82,25,'Productos de ferretería general','2025-06-08'),(35,1914,'Efectivo',371.93,15,'Materiales de construcción','2025-06-08'),(165,1915,'Tarjeta',179.97,19,'Materiales de construcción','2025-06-08'),(89,1916,'Tarjeta',214.18,5,'Electricidad e iluminación','2025-06-08'),(98,1917,'Efectivo',104.05,12,'Seguridad industrial','2025-06-08'),(116,1918,'Transferencia',19.93,2,'Productos de ferretería general','2025-06-08'),(224,1919,'Tarjeta',162.91,23,'Seguridad industrial','2025-06-08'),(108,1920,'Transferencia',425.83,18,'Productos de ferretería general','2025-06-08'),(233,1921,'Transferencia',494.61,13,'Productos de ferretería general','2025-06-09'),(196,1922,'Tarjeta',188.89,15,'Electricidad e iluminación','2025-06-09'),(7,1923,'Transferencia',250.76,8,'Herramientas manuales','2025-06-09'),(87,1924,'Efectivo',130.26,13,'Electricidad e iluminación','2025-06-09'),(225,1925,'Transferencia',311.71,19,'Seguridad industrial','2025-06-09'),(42,1926,'Transferencia',467.46,5,'Materiales de construcción','2025-06-09'),(8,1927,'Transferencia',48.57,9,'Herramientas manuales','2025-06-09'),(212,1928,'Efectivo',126.29,7,'Seguridad industrial','2025-06-09'),(10,1929,'Transferencia',144.99,1,'Herramientas manuales','2025-06-09'),(225,1930,'Tarjeta',149.85,15,'Seguridad industrial','2025-06-09'),(140,1931,'Efectivo',39.45,4,'Herramientas eléctricas','2025-06-09'),(151,1932,'Tarjeta',100.44,6,'Materiales de construcción','2025-06-09'),(201,1933,'Efectivo',466.96,18,'Electricidad e iluminación','2025-06-09'),(64,1934,'Transferencia',126.17,23,'Tuberías y plomería','2025-06-09'),(159,1935,'Efectivo',166.58,17,'Materiales de construcción','2025-06-09'),(207,1936,'Efectivo',16.67,8,'Electricidad e iluminación','2025-06-10'),(112,1937,'Efectivo',340.09,1,'Productos de ferretería general','2025-06-10'),(211,1938,'Tarjeta',284.48,6,'Seguridad industrial','2025-06-10'),(217,1939,'Transferencia',394.19,1,'Seguridad industrial','2025-06-10'),(237,1940,'Tarjeta',440.78,17,'Productos de ferretería general','2025-06-10'),(185,1941,'Tarjeta',88.22,19,'Tuberías y plomería','2025-06-10'),(13,1942,'Tarjeta',66.64,7,'Herramientas manuales','2025-06-10'),(123,1943,'Tarjeta',268.91,16,'Herramientas manuales','2025-06-10'),(230,1944,'Tarjeta',489.13,13,'Productos de ferretería general','2025-06-10'),(56,1945,'Tarjeta',345.7,21,'Pinturas o accesorios','2025-06-10'),(200,1946,'Tarjeta',159.52,17,'Electricidad e iluminación','2025-06-10'),(188,1947,'Transferencia',254.32,11,'Tuberías y plomería','2025-06-10'),(77,1948,'Efectivo',392.5,22,'Electricidad e iluminación','2025-06-10'),(88,1949,'Efectivo',315.63,2,'Electricidad e iluminación','2025-06-10'),(66,1950,'Transferencia',300.26,9,'Tuberías y plomería','2025-06-10'),(169,1951,'Efectivo',199.54,16,'Pinturas o accesorios','2025-06-11'),(120,1952,'Efectivo',392.17,9,'Productos de ferretería general','2025-06-11'),(240,1953,'Tarjeta',401.57,13,'Productos de ferretería general','2025-06-11'),(84,1954,'Transferencia',159.33,16,'Electricidad e iluminación','2025-06-11'),(66,1955,'Tarjeta',191.57,16,'Tuberías y plomería','2025-06-11'),(50,1956,'Efectivo',107.02,1,'Pinturas o accesorios','2025-06-11'),(182,1957,'Transferencia',288.21,16,'Tuberías y plomería','2025-06-11'),(210,1958,'Tarjeta',224.23,4,'Electricidad e iluminación','2025-06-11'),(93,1959,'Tarjeta',318.09,19,'Seguridad industrial','2025-06-11'),(3,1960,'Transferencia',283.92,24,'Herramientas manuales','2025-06-11'),(124,1961,'Efectivo',240.58,3,'Herramientas manuales','2025-06-11'),(105,1962,'Transferencia',130.74,18,'Seguridad industrial','2025-06-11'),(102,1963,'Efectivo',36.32,12,'Seguridad industrial','2025-06-11'),(159,1964,'Transferencia',275.78,18,'Materiales de construcción','2025-06-11'),(152,1965,'Efectivo',319.41,11,'Materiales de construcción','2025-06-11'),(107,1966,'Transferencia',51.11,10,'Productos de ferretería general','2025-06-12'),(107,1967,'Tarjeta',348.56,15,'Productos de ferretería general','2025-06-12'),(236,1968,'Tarjeta',316.21,11,'Productos de ferretería general','2025-06-12'),(57,1969,'Efectivo',235.55,14,'Pinturas o accesorios','2025-06-12'),(189,1970,'Tarjeta',280.58,25,'Tuberías y plomería','2025-06-12'),(209,1971,'Tarjeta',322.05,1,'Electricidad e iluminación','2025-06-12'),(71,1972,'Tarjeta',444.49,7,'Tuberías y plomería','2025-06-12'),(196,1973,'Transferencia',146.68,16,'Electricidad e iluminación','2025-06-12'),(78,1974,'Efectivo',40.07,2,'Electricidad e iluminación','2025-06-12'),(178,1975,'Transferencia',115.73,8,'Pinturas o accesorios','2025-06-12'),(108,1976,'Transferencia',406.46,16,'Productos de ferretería general','2025-06-12'),(8,1977,'Tarjeta',123.62,13,'Herramientas manuales','2025-06-12'),(67,1978,'Tarjeta',318.6,1,'Tuberías y plomería','2025-06-12'),(161,1979,'Tarjeta',204.64,11,'Materiales de construcción','2025-06-12'),(135,1980,'Transferencia',160.85,22,'Herramientas manuales','2025-06-12'),(231,1981,'Efectivo',457.95,25,'Productos de ferretería general','2025-06-13'),(67,1982,'Transferencia',209.53,4,'Tuberías y plomería','2025-06-13'),(76,1983,'Transferencia',79.17,3,'Electricidad e iluminación','2025-06-13'),(94,1984,'Tarjeta',64.17,18,'Seguridad industrial','2025-06-13'),(140,1985,'Efectivo',139.46,1,'Herramientas eléctricas','2025-06-13'),(130,1986,'Transferencia',148.72,13,'Herramientas manuales','2025-06-13'),(23,1987,'Transferencia',171.63,2,'Herramientas eléctricas','2025-06-13'),(212,1988,'Tarjeta',47.92,18,'Seguridad industrial','2025-06-13'),(124,1989,'Tarjeta',252.84,3,'Herramientas manuales','2025-06-13'),(135,1990,'Transferencia',481.87,17,'Herramientas manuales','2025-06-13'),(18,1991,'Transferencia',412.59,9,'Herramientas eléctricas','2025-06-13'),(138,1992,'Efectivo',344.03,23,'Herramientas eléctricas','2025-06-13'),(10,1993,'Tarjeta',97.99,9,'Herramientas manuales','2025-06-13'),(199,1994,'Efectivo',372.41,11,'Electricidad e iluminación','2025-06-13'),(123,1995,'Transferencia',72.9,13,'Herramientas manuales','2025-06-13'),(180,1996,'Transferencia',72.69,22,'Pinturas o accesorios','2025-06-14'),(218,1997,'Transferencia',58.95,24,'Seguridad industrial','2025-06-14'),(149,1998,'Transferencia',206.27,18,'Herramientas eléctricas','2025-06-14'),(18,1999,'Efectivo',495.3,10,'Herramientas eléctricas','2025-06-14'),(229,2000,'Transferencia',456.01,17,'Productos de ferretería general','2025-06-14'),(58,2001,'Transferencia',159.95,11,'Pinturas o accesorios','2025-06-14'),(5,2002,'Transferencia',254.06,3,'Herramientas manuales','2025-06-14'),(2,2003,'Efectivo',337.93,2,'Herramientas manuales','2025-06-14'),(238,2004,'Tarjeta',71.78,2,'Productos de ferretería general','2025-06-14'),(113,2005,'Transferencia',383.13,11,'Productos de ferretería general','2025-06-14'),(99,2006,'Transferencia',171.51,12,'Seguridad industrial','2025-06-14'),(105,2007,'Transferencia',374.92,8,'Seguridad industrial','2025-06-14'),(21,2008,'Efectivo',470.32,10,'Herramientas eléctricas','2025-06-14'),(178,2009,'Tarjeta',159.63,14,'Pinturas o accesorios','2025-06-14'),(190,2010,'Tarjeta',394.39,19,'Tuberías y plomería','2025-06-14'),(55,2011,'Efectivo',385.38,25,'Pinturas o accesorios','2025-06-15'),(84,2012,'Tarjeta',369.64,6,'Electricidad e iluminación','2025-06-15'),(159,2013,'Efectivo',366.3,14,'Materiales de construcción','2025-06-15'),(224,2014,'Transferencia',398.42,6,'Seguridad industrial','2025-06-15'),(30,2015,'Efectivo',202.06,24,'Herramientas eléctricas','2025-06-15'),(222,2016,'Transferencia',213.55,8,'Seguridad industrial','2025-06-15'),(235,2017,'Transferencia',351.48,10,'Productos de ferretería general','2025-06-15'),(38,2018,'Tarjeta',196.47,15,'Materiales de construcción','2025-06-15'),(191,2019,'Transferencia',207.04,10,'Tuberías y plomería','2025-06-15'),(193,2020,'Efectivo',498.33,22,'Tuberías y plomería','2025-06-15'),(143,2021,'Tarjeta',127.64,2,'Herramientas eléctricas','2025-06-15'),(186,2022,'Efectivo',474.44,24,'Tuberías y plomería','2025-06-15'),(166,2023,'Tarjeta',493.7,17,'Pinturas o accesorios','2025-06-15'),(171,2024,'Transferencia',85.91,10,'Pinturas o accesorios','2025-06-15'),(160,2025,'Tarjeta',216.31,6,'Materiales de construcción','2025-06-15'),(236,2026,'Transferencia',12.58,25,'Productos de ferretería general','2025-06-16'),(237,2027,'Transferencia',190.81,23,'Productos de ferretería general','2025-06-16'),(169,2028,'Efectivo',476.19,15,'Pinturas o accesorios','2025-06-16'),(155,2029,'Transferencia',443.98,18,'Materiales de construcción','2025-06-16'),(136,2030,'Transferencia',299.53,13,'Herramientas eléctricas','2025-06-16'),(6,2031,'Transferencia',84.41,9,'Herramientas manuales','2025-06-16'),(22,2032,'Efectivo',201.34,1,'Herramientas eléctricas','2025-06-16'),(171,2033,'Efectivo',111.07,7,'Pinturas o accesorios','2025-06-16'),(149,2034,'Tarjeta',141.21,13,'Herramientas eléctricas','2025-06-16'),(132,2035,'Efectivo',223.42,3,'Herramientas manuales','2025-06-16'),(188,2036,'Tarjeta',193.35,16,'Tuberías y plomería','2025-06-16'),(216,2037,'Tarjeta',247.64,1,'Seguridad industrial','2025-06-16'),(174,2038,'Tarjeta',412.47,22,'Pinturas o accesorios','2025-06-16'),(10,2039,'Tarjeta',162.11,5,'Herramientas manuales','2025-06-16'),(207,2040,'Tarjeta',377.71,3,'Electricidad e iluminación','2025-06-16'),(108,2041,'Tarjeta',89.47,10,'Productos de ferretería general','2025-06-17'),(202,2042,'Transferencia',36.49,1,'Electricidad e iluminación','2025-06-17'),(163,2043,'Tarjeta',452.5,21,'Materiales de construcción','2025-06-17'),(23,2044,'Tarjeta',135.98,15,'Herramientas eléctricas','2025-06-17'),(16,2045,'Tarjeta',456.47,8,'Herramientas eléctricas','2025-06-17'),(93,2046,'Efectivo',73.47,15,'Seguridad industrial','2025-06-17'),(84,2047,'Efectivo',442.15,15,'Electricidad e iluminación','2025-06-17'),(58,2048,'Efectivo',481.55,21,'Pinturas o accesorios','2025-06-17'),(139,2049,'Tarjeta',436.97,20,'Herramientas eléctricas','2025-06-17'),(11,2050,'Efectivo',37.57,19,'Herramientas manuales','2025-06-17'),(48,2051,'Tarjeta',195.28,3,'Pinturas o accesorios','2025-06-17'),(26,2052,'Efectivo',416.11,13,'Herramientas eléctricas','2025-06-17'),(159,2053,'Efectivo',308.74,4,'Materiales de construcción','2025-06-17'),(80,2054,'Efectivo',270.47,21,'Electricidad e iluminación','2025-06-17'),(132,2055,'Tarjeta',105.54,2,'Herramientas manuales','2025-06-17'),(234,2056,'Tarjeta',230.42,10,'Productos de ferretería general','2025-06-18'),(177,2057,'Efectivo',472.29,20,'Pinturas o accesorios','2025-06-18'),(21,2058,'Transferencia',15.58,2,'Herramientas eléctricas','2025-06-18'),(44,2059,'Efectivo',251.09,3,'Materiales de construcción','2025-06-18'),(51,2060,'Tarjeta',211.15,18,'Pinturas o accesorios','2025-06-18'),(189,2061,'Tarjeta',15.86,24,'Tuberías y plomería','2025-06-18'),(186,2062,'Efectivo',122.95,13,'Tuberías y plomería','2025-06-18'),(13,2063,'Efectivo',373.5,17,'Herramientas manuales','2025-06-18'),(111,2064,'Transferencia',104.13,20,'Productos de ferretería general','2025-06-18'),(10,2065,'Tarjeta',67.91,5,'Herramientas manuales','2025-06-18'),(78,2066,'Efectivo',138.1,9,'Electricidad e iluminación','2025-06-18'),(43,2067,'Efectivo',103.3,11,'Materiales de construcción','2025-06-18'),(95,2068,'Tarjeta',365.53,14,'Seguridad industrial','2025-06-18'),(220,2069,'Tarjeta',95.55,25,'Seguridad industrial','2025-06-18'),(21,2070,'Efectivo',494.34,3,'Herramientas eléctricas','2025-06-18'),(132,2071,'Transferencia',313.17,7,'Herramientas manuales','2025-06-19'),(87,2072,'Efectivo',321.88,23,'Electricidad e iluminación','2025-06-19'),(229,2073,'Efectivo',183.85,6,'Productos de ferretería general','2025-06-19'),(94,2074,'Tarjeta',334.79,9,'Seguridad industrial','2025-06-19'),(137,2075,'Efectivo',267.95,2,'Herramientas eléctricas','2025-06-19'),(197,2076,'Tarjeta',417.2,25,'Electricidad e iluminación','2025-06-19'),(200,2077,'Efectivo',79.61,8,'Electricidad e iluminación','2025-06-19'),(72,2078,'Efectivo',407.83,10,'Tuberías y plomería','2025-06-19'),(37,2079,'Efectivo',367.63,21,'Materiales de construcción','2025-06-19'),(212,2080,'Tarjeta',81.83,1,'Seguridad industrial','2025-06-19'),(119,2081,'Tarjeta',265.33,4,'Productos de ferretería general','2025-06-19'),(44,2082,'Efectivo',331.68,23,'Materiales de construcción','2025-06-19'),(229,2083,'Efectivo',227.97,11,'Productos de ferretería general','2025-06-19'),(129,2084,'Tarjeta',258.29,14,'Herramientas manuales','2025-06-19'),(55,2085,'Tarjeta',128.89,5,'Pinturas o accesorios','2025-06-19'),(213,2086,'Tarjeta',30.71,14,'Seguridad industrial','2025-06-20'),(62,2087,'Efectivo',155.52,1,'Tuberías y plomería','2025-06-20'),(183,2088,'Efectivo',253.55,5,'Tuberías y plomería','2025-06-20'),(44,2089,'Transferencia',437.59,25,'Materiales de construcción','2025-06-20'),(32,2090,'Efectivo',488.56,10,'Materiales de construcción','2025-06-20'),(182,2091,'Transferencia',185.79,1,'Tuberías y plomería','2025-06-20'),(150,2092,'Tarjeta',345.93,11,'Herramientas eléctricas','2025-06-20'),(179,2093,'Transferencia',106.2,24,'Pinturas o accesorios','2025-06-20'),(40,2094,'Efectivo',329.74,18,'Materiales de construcción','2025-06-20'),(207,2095,'Tarjeta',257.26,8,'Electricidad e iluminación','2025-06-20'),(218,2096,'Efectivo',498.85,8,'Seguridad industrial','2025-06-20'),(208,2097,'Efectivo',398.03,1,'Electricidad e iluminación','2025-06-20'),(208,2098,'Tarjeta',312.99,25,'Electricidad e iluminación','2025-06-20'),(15,2099,'Efectivo',209.31,23,'Herramientas manuales','2025-06-20'),(84,2100,'Transferencia',130.61,12,'Electricidad e iluminación','2025-06-20'),(79,2101,'Tarjeta',359.42,8,'Electricidad e iluminación','2025-06-21'),(229,2102,'Efectivo',383.03,24,'Productos de ferretería general','2025-06-21'),(100,2103,'Transferencia',73.95,17,'Seguridad industrial','2025-06-21'),(206,2104,'Transferencia',451.09,21,'Electricidad e iluminación','2025-06-21'),(195,2105,'Transferencia',300.08,20,'Tuberías y plomería','2025-06-21'),(120,2106,'Transferencia',135.82,22,'Productos de ferretería general','2025-06-21'),(95,2107,'Tarjeta',330.24,11,'Seguridad industrial','2025-06-21'),(144,2108,'Efectivo',384.12,22,'Herramientas eléctricas','2025-06-21'),(135,2109,'Transferencia',382.38,6,'Herramientas manuales','2025-06-21'),(215,2110,'Transferencia',236.5,23,'Seguridad industrial','2025-06-21'),(194,2111,'Efectivo',482.1,6,'Tuberías y plomería','2025-06-21'),(84,2112,'Transferencia',72.2,1,'Electricidad e iluminación','2025-06-21'),(163,2113,'Efectivo',90.54,2,'Materiales de construcción','2025-06-21'),(220,2114,'Efectivo',230.96,11,'Seguridad industrial','2025-06-21'),(121,2115,'Efectivo',452.54,2,'Herramientas manuales','2025-06-21'),(11,2116,'Efectivo',270.84,2,'Herramientas manuales','2025-06-22'),(183,2117,'Transferencia',152.49,3,'Tuberías y plomería','2025-06-22'),(148,2118,'Efectivo',104.42,14,'Herramientas eléctricas','2025-06-22'),(81,2119,'Tarjeta',367.33,7,'Electricidad e iluminación','2025-06-22'),(232,2120,'Tarjeta',411.03,3,'Productos de ferretería general','2025-06-22'),(9,2121,'Tarjeta',467.44,7,'Herramientas manuales','2025-06-22'),(56,2122,'Efectivo',191.58,15,'Pinturas o accesorios','2025-06-22'),(217,2123,'Transferencia',74.63,12,'Seguridad industrial','2025-06-22'),(111,2124,'Tarjeta',31.01,13,'Productos de ferretería general','2025-06-22'),(179,2125,'Efectivo',471.05,17,'Pinturas o accesorios','2025-06-22'),(148,2126,'Efectivo',468.51,17,'Herramientas eléctricas','2025-06-22'),(231,2127,'Tarjeta',260.24,17,'Productos de ferretería general','2025-06-22'),(157,2128,'Efectivo',12.16,9,'Materiales de construcción','2025-06-22'),(137,2129,'Efectivo',95.42,3,'Herramientas eléctricas','2025-06-22'),(207,2130,'Efectivo',211.74,1,'Electricidad e iluminación','2025-06-22'),(144,2131,'Tarjeta',288.93,5,'Herramientas eléctricas','2025-06-23'),(201,2132,'Efectivo',472.52,14,'Electricidad e iluminación','2025-06-23'),(189,2133,'Tarjeta',354.28,2,'Tuberías y plomería','2025-06-23'),(22,2134,'Transferencia',30.48,5,'Herramientas eléctricas','2025-06-23'),(15,2135,'Efectivo',243.39,12,'Herramientas manuales','2025-06-23'),(172,2136,'Transferencia',488.86,22,'Pinturas o accesorios','2025-06-23'),(2,2137,'Transferencia',288.33,22,'Herramientas manuales','2025-06-23'),(203,2138,'Efectivo',206.95,16,'Electricidad e iluminación','2025-06-23'),(14,2139,'Tarjeta',439.57,14,'Herramientas manuales','2025-06-23'),(65,2140,'Transferencia',231.03,12,'Tuberías y plomería','2025-06-23'),(62,2141,'Transferencia',384.66,7,'Tuberías y plomería','2025-06-23'),(199,2142,'Tarjeta',58.38,25,'Electricidad e iluminación','2025-06-23'),(235,2143,'Tarjeta',128.08,22,'Productos de ferretería general','2025-06-23'),(176,2144,'Transferencia',67.43,6,'Pinturas o accesorios','2025-06-23'),(236,2145,'Transferencia',293.88,1,'Productos de ferretería general','2025-06-23'),(202,2146,'Tarjeta',412.59,16,'Electricidad e iluminación','2025-06-24'),(74,2147,'Tarjeta',466.49,4,'Tuberías y plomería','2025-06-24'),(30,2148,'Transferencia',189.27,6,'Herramientas eléctricas','2025-06-24'),(238,2149,'Efectivo',36.75,4,'Productos de ferretería general','2025-06-24'),(87,2150,'Transferencia',150.62,8,'Electricidad e iluminación','2025-06-24'),(112,2151,'Transferencia',438.61,16,'Productos de ferretería general','2025-06-24'),(70,2152,'Tarjeta',415.07,21,'Tuberías y plomería','2025-06-24'),(228,2153,'Efectivo',390.23,10,'Productos de ferretería general','2025-06-24'),(221,2154,'Efectivo',345.94,25,'Seguridad industrial','2025-06-24'),(67,2155,'Efectivo',488.34,20,'Tuberías y plomería','2025-06-24'),(180,2156,'Transferencia',14.67,11,'Pinturas o accesorios','2025-06-24'),(160,2157,'Tarjeta',460.46,3,'Materiales de construcción','2025-06-24'),(21,2158,'Transferencia',214.94,15,'Herramientas eléctricas','2025-06-24'),(137,2159,'Efectivo',237.16,21,'Herramientas eléctricas','2025-06-24'),(76,2160,'Tarjeta',110.54,16,'Electricidad e iluminación','2025-06-24'),(205,2161,'Transferencia',120,6,'Electricidad e iluminación','2025-06-25'),(83,2162,'Transferencia',114.24,23,'Electricidad e iluminación','2025-06-25'),(127,2163,'Transferencia',452.33,2,'Herramientas manuales','2025-06-25'),(156,2164,'Efectivo',40.1,18,'Materiales de construcción','2025-06-25'),(30,2165,'Efectivo',425.03,18,'Herramientas eléctricas','2025-06-25'),(161,2166,'Transferencia',274.78,4,'Materiales de construcción','2025-06-25'),(20,2167,'Tarjeta',68.99,22,'Herramientas eléctricas','2025-06-25'),(104,2168,'Tarjeta',30.71,4,'Seguridad industrial','2025-06-25'),(48,2169,'Efectivo',61.35,17,'Pinturas o accesorios','2025-06-25'),(78,2170,'Tarjeta',231.24,7,'Electricidad e iluminación','2025-06-25'),(72,2171,'Efectivo',175.75,15,'Tuberías y plomería','2025-06-25'),(236,2172,'Transferencia',431.53,17,'Productos de ferretería general','2025-06-25'),(142,2173,'Transferencia',310.85,1,'Herramientas eléctricas','2025-06-25'),(240,2174,'Transferencia',271.84,3,'Productos de ferretería general','2025-06-25'),(152,2175,'Efectivo',280.43,3,'Materiales de construcción','2025-06-25'),(17,2176,'Efectivo',1812.5,2,'Herramientas eléctricas','2025-06-26'),(32,2176,'Efectivo',162.5,2,'Materiales de construcción','2025-06-26'),(47,2176,'Efectivo',68.75,2,'Pinturas o accesorios','2025-06-26');
/*!40000 ALTER TABLE `productventa` ENABLE KEYS */;
UNLOCK TABLES;

--
-- Table structure for table `proveedor`
--

DROP TABLE IF EXISTS `proveedor`;
/*!40101 SET @saved_cs_client     = @@character_set_client */;
/*!50503 SET character_set_client = utf8mb4 */;
CREATE TABLE `proveedor` (
  `Cod_Proveedor` int NOT NULL AUTO_INCREMENT,
  `Nombre` varchar(50) CHARACTER SET utf8mb3 COLLATE utf8mb3_general_ci DEFAULT NULL,
  `Apellido` varchar(50) CHARACTER SET utf8mb3 COLLATE utf8mb3_general_ci DEFAULT NULL,
  `Sector` varchar(50) DEFAULT NULL,
  `Estado` enum('Activo','Inactivo') DEFAULT NULL,
  PRIMARY KEY (`Cod_Proveedor`)
) ENGINE=InnoDB AUTO_INCREMENT=17 DEFAULT CHARSET=utf8mb4 COLLATE=utf8mb4_0900_ai_ci;
/*!40101 SET character_set_client = @saved_cs_client */;

--
-- Dumping data for table `proveedor`
--

LOCK TABLES `proveedor` WRITE;
/*!40000 ALTER TABLE `proveedor` DISABLE KEYS */;
INSERT INTO `proveedor` VALUES (1,'Jorge','Mendez','Herramientas manuales','Activo'),(2,'Carla','Ruiz','Herramientas manuales','Activo'),(3,'Mario','Torres','Herramientas eléctricas','Activo'),(4,'Elena','Cordero','Herramientas eléctricas','Activo'),(5,'Luis','Gonzales','Materiales de construcción','Activo'),(6,'Mariela','Perez','Materiales de construcción','Activo'),(7,'Ana','Morales','Pinturas o accesorios','Activo'),(8,'Diego','Castillo','Pinturas o accesorios','Activo'),(9,'Roberto','Salgado','Tuberías y plomería','Activo'),(10,'Gabriela','Molina','Tuberías y plomería','Activo'),(11,'Carlos','Navarro','Electricidad e iluminación','Activo'),(12,'Ingrid','Lopez','Electricidad e iluminación','Activo'),(13,'Fernando','Reyes','Seguridad industrial','Activo'),(14,'Patricia','Duarte','Seguridad industrial','Activo'),(15,'Esteban','Rivas','Productos de ferretería general','Activo'),(16,'Julia','Campos','Productos de ferretería general','Activo');
/*!40000 ALTER TABLE `proveedor` ENABLE KEYS */;
UNLOCK TABLES;

--
-- Table structure for table `proveproduct`
--

DROP TABLE IF EXISTS `proveproduct`;
/*!40101 SET @saved_cs_client     = @@character_set_client */;
/*!50503 SET character_set_client = utf8mb4 */;
CREATE TABLE `proveproduct` (
  `Cod_Proveedor` int NOT NULL,
  `Cod_Producto` int NOT NULL,
  `Fecha_Entrada` date DEFAULT NULL,
  `Precio` float DEFAULT NULL,
  `Cantidad` int DEFAULT NULL,
  PRIMARY KEY (`Cod_Proveedor`,`Cod_Producto`),
  KEY `Cod_Producto` (`Cod_Producto`),
  CONSTRAINT `proveproduct_ibfk_1` FOREIGN KEY (`Cod_Proveedor`) REFERENCES `proveedor` (`Cod_Proveedor`),
  CONSTRAINT `proveproduct_ibfk_2` FOREIGN KEY (`Cod_Producto`) REFERENCES `producto` (`Cod_Producto`)
) ENGINE=InnoDB DEFAULT CHARSET=utf8mb4 COLLATE=utf8mb4_0900_ai_ci;
/*!40101 SET character_set_client = @saved_cs_client */;

--
-- Dumping data for table `proveproduct`
--

LOCK TABLES `proveproduct` WRITE;
/*!40000 ALTER TABLE `proveproduct` DISABLE KEYS */;
INSERT INTO `proveproduct` VALUES (1,1,'2025-06-17',200,50),(1,2,'2025-05-11',75,60),(1,3,'2025-05-11',240,27),(1,7,'2025-05-11',80,40),(1,8,'2025-05-11',110,20),(1,11,'2025-05-11',90,25),(1,14,'2025-05-11',140,28),(1,15,'2025-05-11',170,32),(1,121,'2025-05-19',180,30),(1,122,'2025-05-19',160,30),(1,123,'2025-05-19',95,50),(1,127,'2025-05-19',110,30),(1,128,'2025-05-19',250,20),(1,131,'2025-05-19',190,15),(1,133,'2025-05-19',120,30),(1,135,'2025-05-19',200,20),(2,4,'2025-05-11',125,20),(2,5,'2025-05-11',85,50),(2,6,'2025-05-11',55,70),(2,9,'2025-05-11',95,1),(2,10,'2025-05-11',150,50),(2,12,'2025-05-11',105,45),(2,13,'2025-05-11',220,15),(2,124,'2025-05-19',220,25),(2,125,'2025-05-19',75,60),(2,126,'2025-05-19',45,80),(2,129,'2025-05-19',65,70),(2,130,'2025-05-19',140,25),(2,132,'2025-05-19',85,40),(2,134,'2025-05-19',150,25),(3,16,'2025-05-12',1350,10),(3,17,'2025-05-12',1450,10),(3,18,'2025-05-12',2200,8),(3,22,'2025-05-12',980,6),(3,23,'2025-05-12',1100,10),(3,26,'2025-05-12',2550,5),(3,29,'2025-05-12',820,15),(3,30,'2025-05-12',920,14),(3,136,'2025-05-19',850,12),(3,137,'2025-05-19',3200,5),(3,138,'2025-05-19',1800,8),(3,141,'2025-05-19',1200,7),(3,143,'2025-05-19',750,10),(3,145,'2025-05-19',2100,5),(3,147,'2025-05-19',950,12),(3,149,'2025-05-19',4500,3),(4,19,'2025-05-12',1600,9),(4,20,'2025-05-12',1150,7),(4,21,'2025-05-12',850,10),(4,24,'2025-05-12',740,20),(4,25,'2025-05-12',990,11),(4,27,'2025-05-12',450,25),(4,28,'2025-05-12',1050,6),(4,139,'2025-05-19',650,15),(4,140,'2025-05-19',550,18),(4,142,'2025-05-19',2800,4),(4,144,'2025-05-19',1600,6),(4,146,'2025-05-19',1450,8),(4,148,'2025-05-19',480,20),(4,150,'2025-05-19',3800,4),(5,31,'2025-05-13',215,37),(5,32,'2025-05-13',130,21),(5,33,'2025-05-13',6.5,297),(5,36,'2025-05-13',220,45),(5,37,'2025-05-13',140,38),(5,43,'2025-05-13',0.9,500),(5,44,'2025-05-13',85,40),(5,45,'2025-05-13',75,45),(5,151,'2025-05-19',120,30),(5,152,'2025-05-19',85,80),(5,155,'2025-05-19',320,20),(5,157,'2025-05-19',280,18),(5,159,'2025-05-19',210,30),(5,161,'2025-05-19',55,90),(5,163,'2025-05-19',110,35),(5,165,'2025-05-19',140,25),(6,34,'2025-05-13',12.5,245),(6,35,'2025-05-13',175,100),(6,38,'2025-05-13',95,40),(6,39,'2025-05-13',30,100),(6,40,'2025-05-13',115,60),(6,41,'2025-05-13',95,65),(6,42,'2025-05-13',150,50),(6,153,'2025-05-19',45,150),(6,154,'2025-05-19',180,25),(6,156,'2025-05-19',150,40),(6,158,'2025-05-19',95,50),(6,160,'2025-05-19',75,60),(6,162,'2025-05-19',0.5,500),(6,164,'2025-05-19',25,200),(7,51,'2025-05-14',70,55),(7,52,'2025-05-14',250,25),(7,53,'2025-05-14',95,45),(7,54,'2025-05-14',75,23),(7,55,'2025-05-14',140,30),(7,56,'2025-05-14',220,35),(7,57,'2025-05-14',90,50),(7,58,'2025-05-14',45,60),(7,59,'2025-06-17',150,35),(7,166,'2025-05-19',280,25),(7,167,'2025-05-19',320,20),(7,170,'2025-05-19',240,30),(7,171,'2025-05-19',180,35),(7,174,'2025-05-19',140,30),(7,175,'2025-05-19',95,50),(7,178,'2025-05-19',190,25),(7,179,'2025-05-19',270,20),(8,46,'2025-05-14',10,200),(8,47,'2025-05-14',55,68),(8,48,'2025-05-14',120,40),(8,49,'2025-05-14',110,35),(8,50,'2025-05-14',160,15),(8,60,'2025-05-14',30,100),(8,168,'2025-05-19',130,40),(8,169,'2025-05-19',75,60),(8,172,'2025-05-19',350,15),(8,173,'2025-05-19',65,80),(8,176,'2025-05-19',420,12),(8,177,'2025-05-19',110,45),(8,180,'2025-05-19',380,15),(9,61,'2025-05-15',35,200),(9,62,'2025-05-15',20,250),(9,63,'2025-05-15',28,180),(9,70,'2025-05-15',450,15),(9,71,'2025-05-15',190,28),(9,72,'2025-05-15',75,50),(9,73,'2025-05-15',380,12),(9,74,'2025-05-15',60,110),(9,75,'2025-05-15',95,60),(9,181,'2025-05-19',45,120),(9,182,'2025-05-19',85,60),(9,185,'2025-05-19',120,80),(9,186,'2025-05-19',65,100),(9,189,'2025-05-19',95,70),(9,190,'2025-05-19',180,30),(9,193,'2025-05-19',1200,7),(9,194,'2025-05-19',280,20),(10,64,'2025-05-15',65,90),(10,65,'2025-05-15',70,85),(10,66,'2025-05-15',18,280),(10,67,'2025-05-15',95,40),(10,68,'2025-05-15',140,35),(10,69,'2025-05-15',160,30),(10,183,'2025-05-19',35,150),(10,184,'2025-05-19',1800,6),(10,187,'2025-05-19',220,25),(10,188,'2025-05-19',320,15),(10,191,'2025-05-19',1500,8),(10,192,'2025-05-19',850,10),(10,195,'2025-05-19',75,50),(11,76,'2025-05-16',25,395),(11,77,'2025-05-16',30,300),(11,78,'2025-05-16',15,350),(11,79,'2025-05-16',22,240),(11,80,'2025-05-16',450,90),(11,88,'2025-05-16',190,50),(11,89,'2025-05-16',390,20),(11,90,'2025-05-16',140,70),(11,196,'2025-05-19',40,80),(11,197,'2025-05-19',950,8),(11,200,'2025-05-19',120,60),(11,201,'2025-05-19',180,35),(11,204,'2025-05-19',420,10),(11,205,'2025-05-19',680,12),(11,208,'2025-05-19',15,200),(11,209,'2025-05-19',450,15),(12,81,'2025-05-16',380,95),(12,82,'2025-05-16',210,80),(12,83,'2025-05-16',50,300),(12,84,'2025-05-16',45,250),(12,85,'2025-05-16',600,25),(12,86,'2025-05-16',280,34),(12,87,'2025-05-16',110,75),(12,198,'2025-05-19',520,50),(12,199,'2025-05-19',65,120),(12,202,'2025-05-19',350,25),(12,203,'2025-05-19',280,30),(12,206,'2025-05-19',850,10),(12,207,'2025-05-19',320,20),(12,210,'2025-05-19',95,70),(13,91,'2025-05-17',180,75),(13,92,'2025-05-17',90,150),(13,93,'2025-05-17',70,140),(13,94,'2025-05-17',620,30),(13,103,'2025-05-17',310,35),(13,104,'2025-05-17',1800,5),(13,105,'2025-05-17',160,40),(13,211,'2025-05-19',450,25),(13,212,'2025-05-19',120,60),(13,215,'2025-05-19',850,13),(13,216,'2025-05-19',25,200),(13,219,'2025-05-19',95,80),(13,220,'2025-05-19',320,25),(13,223,'2025-05-19',650,12),(13,224,'2025-05-19',190,40),(14,95,'2025-05-17',55,120),(14,96,'2025-05-17',140,50),(14,97,'2025-05-17',320,40),(14,98,'2025-05-17',750,15),(14,99,'2025-05-17',85,90),(14,100,'2025-05-17',130,60),(14,101,'2025-05-17',780,10),(14,102,'2025-05-17',450,25),(14,213,'2025-05-19',580,30),(14,214,'2025-05-19',220,40),(14,217,'2025-05-19',420,20),(14,218,'2025-05-19',380,18),(14,221,'2025-05-19',15,300),(14,222,'2025-05-19',180,35),(14,225,'2025-05-19',1200,8),(15,106,'2025-05-18',150,32),(15,107,'2025-05-18',95,70),(15,108,'2025-05-18',20,300),(15,109,'2025-05-18',25,180),(15,110,'2025-05-18',120,40),(15,226,'2025-05-19',350,20),(15,227,'2025-05-19',1200,8),(15,230,'2025-05-19',420,15),(15,231,'2025-05-19',75,55),(15,234,'2025-05-19',1800,6),(15,235,'2025-05-19',280,25),(15,238,'2025-05-19',220,30),(15,239,'2025-05-19',580,15),(16,111,'2025-05-18',85,60),(16,112,'2025-05-18',45,110),(16,113,'2025-05-18',45,80),(16,114,'2025-05-18',280,25),(16,115,'2025-05-18',60,90),(16,116,'2025-05-18',40,200),(16,117,'2025-05-18',35,150),(16,118,'2025-05-18',140,30),(16,119,'2025-05-18',1250,12),(16,120,'2025-05-18',30,120),(16,228,'2025-05-19',180,40),(16,229,'2025-05-19',950,12),(16,232,'2025-05-19',65,80),(16,233,'2025-05-19',110,50),(16,236,'2025-05-19',150,35),(16,237,'2025-05-19',380,20),(16,240,'2025-05-19',320,25);
/*!40000 ALTER TABLE `proveproduct` ENABLE KEYS */;
UNLOCK TABLES;

--
-- Table structure for table `sessions`
--

DROP TABLE IF EXISTS `sessions`;
/*!40101 SET @saved_cs_client     = @@character_set_client */;
/*!50503 SET character_set_client = utf8mb4 */;
CREATE TABLE `sessions` (
  `session_id` varchar(128) CHARACTER SET utf8mb4 COLLATE utf8mb4_bin NOT NULL,
  `expires` int unsigned NOT NULL,
  `data` mediumtext CHARACTER SET utf8mb4 COLLATE utf8mb4_bin,
  PRIMARY KEY (`session_id`)
) ENGINE=InnoDB DEFAULT CHARSET=utf8mb4 COLLATE=utf8mb4_0900_ai_ci;
/*!40101 SET character_set_client = @saved_cs_client */;

--
-- Dumping data for table `sessions`
--

LOCK TABLES `sessions` WRITE;
/*!40000 ALTER TABLE `sessions` DISABLE KEYS */;
INSERT INTO `sessions` VALUES ('jSqFnklRokuPPi0nKSPHUlFu6otiBzMF',1755439483,'{\"cookie\":{\"originalMaxAge\":86400000,\"expires\":\"2025-08-17T14:04:41.005Z\",\"secure\":false,\"httpOnly\":true,\"path\":\"/\",\"sameSite\":\"lax\"},\"flash\":{}}');
/*!40000 ALTER TABLE `sessions` ENABLE KEYS */;
UNLOCK TABLES;

--
-- Table structure for table `telefono`
--

DROP TABLE IF EXISTS `telefono`;
/*!40101 SET @saved_cs_client     = @@character_set_client */;
/*!50503 SET character_set_client = utf8mb4 */;
CREATE TABLE `telefono` (
  `Numero` varchar(9) NOT NULL,
  `Compania` varchar(50) NOT NULL,
  `Cod_Proveedor` int DEFAULT NULL,
  `Cod_Empleado` int DEFAULT NULL,
  PRIMARY KEY (`Numero`),
  KEY `Cod_Proveedor` (`Cod_Proveedor`),
  KEY `Cod_Empleado` (`Cod_Empleado`),
  CONSTRAINT `telefono_ibfk_1` FOREIGN KEY (`Cod_Proveedor`) REFERENCES `proveedor` (`Cod_Proveedor`),
  CONSTRAINT `telefono_ibfk_2` FOREIGN KEY (`Cod_Empleado`) REFERENCES `empleado` (`Cod_Empleado`)
) ENGINE=InnoDB DEFAULT CHARSET=utf8mb4 COLLATE=utf8mb4_0900_ai_ci;
/*!40101 SET character_set_client = @saved_cs_client */;

--
-- Dumping data for table `telefono`
--

LOCK TABLES `telefono` WRITE;
/*!40000 ALTER TABLE `telefono` DISABLE KEYS */;
INSERT INTO `telefono` VALUES ('123456780','Tigo',NULL,1),('65253412','Claro',NULL,4),('77955356','Claro',NULL,3),('78789898','Claro',NULL,5),('81825567','Claro',15,NULL),('81902288','Claro',10,NULL),('83214455','Claro',13,NULL),('83456678','Claro',4,NULL),('84125513','Tigo',7,NULL),('84321023','Claro',14,NULL),('84832210','Tigo',1,NULL),('85207784','Tigo',8,NULL),('85679012','Tigo',2,NULL),('85843310','Claro',16,NULL),('85904321','Claro',5,NULL),('86439087','Claro',12,NULL),('87031199','Claro',6,NULL),('87535453','Tigo',NULL,2),('87556666','Claro',11,NULL),('87891200','Claro',3,NULL),('88763211','Claro',9,NULL);
/*!40000 ALTER TABLE `telefono` ENABLE KEYS */;
UNLOCK TABLES;

--
-- Table structure for table `venta`
--

DROP TABLE IF EXISTS `venta`;
/*!40101 SET @saved_cs_client     = @@character_set_client */;
/*!50503 SET character_set_client = utf8mb4 */;
CREATE TABLE `venta` (
  `Cod_Venta` int NOT NULL AUTO_INCREMENT,
  `Estado_Venta` varchar(50) CHARACTER SET utf8mb3 COLLATE utf8mb3_general_ci DEFAULT NULL,
  `Cod_Empleado` int DEFAULT NULL,
  PRIMARY KEY (`Cod_Venta`),
  KEY `Cod_Empleado` (`Cod_Empleado`),
  CONSTRAINT `venta_ibfk_1` FOREIGN KEY (`Cod_Empleado`) REFERENCES `empleado` (`Cod_Empleado`)
) ENGINE=InnoDB AUTO_INCREMENT=2177 DEFAULT CHARSET=utf8mb4 COLLATE=utf8mb4_0900_ai_ci;
/*!40101 SET character_set_client = @saved_cs_client */;

--
-- Dumping data for table `venta`
--

LOCK TABLES `venta` WRITE;
/*!40000 ALTER TABLE `venta` DISABLE KEYS */;
INSERT INTO `venta` VALUES (1,'Completada',1),(2,'Completada',2),(3,'Completada',3),(4,'Completada',4),(5,'Completada',5),(6,'Completada',1),(7,'Completada',2),(8,'Completada',3),(9,'Completada',4),(10,'Completada',5),(11,'Completada',1),(12,'Completada',2),(13,'Completada',3),(14,'Completada',4),(15,'Completada',5),(16,'Completada',1),(17,'Completada',2),(18,'Completada',3),(19,'Completada',4),(20,'Completada',5),(21,'Completada',1),(22,'Completada',2),(23,'Completada',3),(24,'Completada',4),(25,'Completada',5),(26,'Completada',1),(27,'Completada',2),(28,'Completada',3),(29,'Completada',4),(30,'Completada',5),(31,'Completada',1),(32,'Completada',2),(33,'Completada',3),(34,'Completada',4),(35,'Completada',5),(36,'Completada',1),(37,'Completada',2),(38,'Completada',3),(39,'Completada',4),(40,'Completada',5),(41,'Completada',1),(42,'Completada',2),(43,'Completada',3),(44,'Completada',4),(45,'Completada',5),(46,'Completada',1),(47,'Completada',2),(48,'Completada',3),(49,'Completada',4),(50,'Completada',5),(51,'Completada',1),(52,'Completada',2),(53,'Completada',3),(54,'Completada',4),(55,'Completada',5),(56,'Completada',1),(57,'Completada',2),(58,'Completada',3),(59,'Completada',4),(60,'Completada',5),(61,'Completada',1),(62,'Completada',2),(63,'Completada',3),(64,'Completada',4),(65,'Completada',5),(66,'Completada',1),(67,'Completada',2),(68,'Completada',3),(69,'Completada',4),(70,'Completada',5),(71,'Completada',1),(72,'Completada',2),(73,'Completada',3),(74,'Completada',4),(75,'Completada',5),(76,'Completada',1),(77,'Completada',2),(78,'Completada',3),(79,'Completada',4),(80,'Completada',5),(81,'Completada',1),(82,'Completada',2),(83,'Completada',3),(84,'Completada',4),(85,'Completada',5),(86,'Completada',1),(87,'Completada',2),(88,'Completada',3),(89,'Completada',4),(90,'Completada',5),(91,'Completada',1),(92,'Completada',2),(93,'Completada',3),(94,'Completada',4),(95,'Completada',5),(96,'Completada',1),(97,'Completada',2),(98,'Completada',3),(99,'Completada',4),(100,'Completada',5),(101,'Completada',1),(102,'Completada',2),(103,'Completada',3),(104,'Completada',4),(105,'Completada',5),(106,'Completada',1),(107,'Completada',2),(108,'Completada',3),(109,'Completada',4),(110,'Completada',5),(111,'Completada',1),(112,'Completada',2),(113,'Completada',3),(114,'Completada',4),(115,'Completada',5),(116,'Completada',1),(117,'Completada',2),(118,'Completada',3),(119,'Completada',4),(120,'Completada',5),(121,'Completada',1),(122,'Completada',2),(123,'Completada',3),(124,'Completada',4),(125,'Completada',5),(126,'Completada',1),(127,'Completada',2),(128,'Completada',3),(129,'Completada',4),(130,'Completada',5),(131,'Completada',1),(132,'Completada',2),(133,'Completada',3),(134,'Completada',4),(135,'Completada',5),(136,'Completada',1),(137,'Completada',2),(138,'Completada',3),(139,'Completada',4),(140,'Completada',5),(141,'Completada',1),(142,'Completada',2),(143,'Completada',3),(144,'Completada',4),(145,'Completada',5),(146,'Completada',1),(147,'Completada',2),(148,'Completada',3),(149,'Completada',4),(150,'Completada',5),(151,'Completada',1),(152,'Completada',2),(153,'Completada',3),(154,'Completada',4),(155,'Completada',5),(156,'Completada',1),(157,'Completada',2),(158,'Completada',3),(159,'Completada',4),(160,'Completada',5),(161,'Completada',1),(162,'Completada',2),(163,'Completada',3),(164,'Completada',4),(165,'Completada',5),(166,'Completada',1),(167,'Completada',2),(168,'Completada',3),(169,'Completada',4),(170,'Completada',5),(171,'Completada',1),(172,'Completada',2),(173,'Completada',3),(174,'Completada',4),(175,'Completada',5),(176,'Completada',1),(177,'Completada',2),(178,'Completada',3),(179,'Completada',4),(180,'Completada',5),(181,'Completada',1),(182,'Completada',2),(183,'Completada',3),(184,'Completada',4),(185,'Completada',5),(186,'Completada',1),(187,'Completada',2),(188,'Completada',3),(189,'Completada',4),(190,'Completada',5),(191,'Completada',1),(192,'Completada',2),(193,'Completada',3),(194,'Completada',4),(195,'Completada',5),(196,'Completada',1),(197,'Completada',2),(198,'Completada',3),(199,'Completada',4),(200,'Completada',5),(201,'Completada',1),(202,'Completada',2),(203,'Completada',3),(204,'Completada',4),(205,'Completada',5),(206,'Completada',1),(207,'Completada',2),(208,'Completada',3),(209,'Completada',4),(210,'Completada',5),(211,'Completada',1),(212,'Completada',2),(213,'Completada',3),(214,'Completada',4),(215,'Completada',5),(216,'Completada',1),(217,'Completada',2),(218,'Completada',3),(219,'Completada',4),(220,'Completada',5),(221,'Completada',1),(222,'Completada',2),(223,'Completada',3),(224,'Completada',4),(225,'Completada',5),(226,'Completada',1),(227,'Completada',2),(228,'Completada',3),(229,'Completada',4),(230,'Completada',5),(231,'Completada',1),(232,'Completada',2),(233,'Completada',3),(234,'Completada',4),(235,'Completada',5),(236,'Completada',1),(237,'Completada',2),(238,'Completada',3),(239,'Completada',4),(240,'Completada',5),(241,'Completada',1),(242,'Completada',2),(243,'Completada',3),(244,'Completada',4),(245,'Completada',5),(246,'Completada',1),(247,'Completada',2),(248,'Completada',3),(249,'Completada',4),(250,'Completada',5),(251,'Completada',1),(252,'Completada',2),(253,'Completada',3),(254,'Completada',4),(255,'Completada',5),(256,'Completada',1),(257,'Completada',2),(258,'Completada',3),(259,'Completada',4),(260,'Completada',5),(261,'Completada',1),(262,'Completada',2),(263,'Completada',3),(264,'Completada',4),(265,'Completada',5),(266,'Completada',1),(267,'Completada',2),(268,'Completada',3),(269,'Completada',4),(270,'Completada',5),(271,'Completada',1),(272,'Completada',2),(273,'Completada',3),(274,'Completada',4),(275,'Completada',5),(276,'Completada',1),(277,'Completada',2),(278,'Completada',3),(279,'Completada',4),(280,'Completada',5),(281,'Completada',1),(282,'Completada',2),(283,'Completada',3),(284,'Completada',4),(285,'Completada',5),(286,'Completada',1),(287,'Completada',2),(288,'Completada',3),(289,'Completada',4),(290,'Completada',5),(291,'Completada',1),(292,'Completada',2),(293,'Completada',3),(294,'Completada',4),(295,'Completada',5),(296,'Completada',1),(297,'Completada',2),(298,'Completada',3),(299,'Completada',4),(300,'Completada',5),(301,'Completada',1),(302,'Completada',2),(303,'Completada',3),(304,'Completada',4),(305,'Completada',5),(306,'Completada',1),(307,'Completada',2),(308,'Completada',3),(309,'Completada',4),(310,'Completada',5),(311,'Completada',1),(312,'Completada',2),(313,'Completada',3),(314,'Completada',4),(315,'Completada',5),(316,'Completada',1),(317,'Completada',2),(318,'Completada',3),(319,'Completada',4),(320,'Completada',5),(321,'Completada',1),(322,'Completada',2),(323,'Completada',3),(324,'Completada',4),(325,'Completada',5),(326,'Completada',1),(327,'Completada',2),(328,'Completada',3),(329,'Completada',4),(330,'Completada',5),(331,'Completada',1),(332,'Completada',2),(333,'Completada',3),(334,'Completada',4),(335,'Completada',5),(336,'Completada',1),(337,'Completada',2),(338,'Completada',3),(339,'Completada',4),(340,'Completada',5),(341,'Completada',1),(342,'Completada',2),(343,'Completada',3),(344,'Completada',4),(345,'Completada',5),(346,'Completada',1),(347,'Completada',2),(348,'Completada',3),(349,'Completada',4),(350,'Completada',5),(351,'Completada',1),(352,'Completada',2),(353,'Completada',3),(354,'Completada',4),(355,'Completada',5),(356,'Completada',1),(357,'Completada',2),(358,'Completada',3),(359,'Completada',4),(360,'Completada',5),(361,'Completada',1),(362,'Completada',2),(363,'Completada',3),(364,'Completada',4),(365,'Completada',5),(366,'Completada',1),(367,'Completada',2),(368,'Completada',3),(369,'Completada',4),(370,'Completada',5),(371,'Completada',1),(372,'Completada',2),(373,'Completada',3),(374,'Completada',4),(375,'Completada',5),(376,'Completada',1),(377,'Completada',2),(378,'Completada',3),(379,'Completada',4),(380,'Completada',5),(381,'Completada',1),(382,'Completada',2),(383,'Completada',3),(384,'Completada',4),(385,'Completada',5),(386,'Completada',1),(387,'Completada',2),(388,'Completada',3),(389,'Completada',4),(390,'Completada',5),(391,'Completada',1),(392,'Completada',2),(393,'Completada',3),(394,'Completada',4),(395,'Completada',5),(396,'Completada',1),(397,'Completada',2),(398,'Completada',3),(399,'Completada',4),(400,'Completada',5),(401,'Completada',1),(402,'Completada',2),(403,'Completada',3),(404,'Completada',4),(405,'Completada',5),(406,'Completada',1),(407,'Completada',2),(408,'Completada',3),(409,'Completada',4),(410,'Completada',5),(411,'Completada',1),(412,'Completada',2),(413,'Completada',3),(414,'Completada',4),(415,'Completada',5),(416,'Completada',1),(417,'Completada',2),(418,'Completada',3),(419,'Completada',4),(420,'Completada',5),(421,'Completada',1),(422,'Completada',2),(423,'Completada',3),(424,'Completada',4),(425,'Completada',5),(426,'Completada',1),(427,'Completada',2),(428,'Completada',3),(429,'Completada',4),(430,'Completada',5),(431,'Completada',1),(432,'Completada',2),(433,'Completada',3),(434,'Completada',4),(435,'Completada',5),(436,'Completada',1),(437,'Completada',2),(438,'Completada',3),(439,'Completada',4),(440,'Completada',5),(441,'Completada',1),(442,'Completada',2),(443,'Completada',3),(444,'Completada',4),(445,'Completada',5),(446,'Completada',1),(447,'Completada',2),(448,'Completada',3),(449,'Completada',4),(450,'Completada',5),(451,'Completada',1),(452,'Completada',2),(453,'Completada',3),(454,'Completada',4),(455,'Completada',5),(456,'Completada',1),(457,'Completada',2),(458,'Completada',3),(459,'Completada',4),(460,'Completada',5),(461,'Completada',1),(462,'Completada',2),(463,'Completada',3),(464,'Completada',4),(465,'Completada',5),(466,'Completada',1),(467,'Completada',2),(468,'Completada',3),(469,'Completada',4),(470,'Completada',5),(471,'Completada',1),(472,'Completada',2),(473,'Completada',3),(474,'Completada',4),(475,'Completada',5),(476,'Completada',1),(477,'Completada',2),(478,'Completada',3),(479,'Completada',4),(480,'Completada',5),(481,'Completada',1),(482,'Completada',2),(483,'Completada',3),(484,'Completada',4),(485,'Completada',5),(486,'Completada',1),(487,'Completada',2),(488,'Completada',3),(489,'Completada',4),(490,'Completada',5),(491,'Completada',1),(492,'Completada',2),(493,'Completada',3),(494,'Completada',4),(495,'Completada',5),(496,'Completada',1),(497,'Completada',2),(498,'Completada',3),(499,'Completada',4),(500,'Completada',5),(501,'Completada',1),(502,'Completada',2),(503,'Completada',3),(504,'Completada',4),(505,'Completada',5),(506,'Completada',1),(507,'Completada',2),(508,'Completada',3),(509,'Completada',4),(510,'Completada',5),(511,'Completada',1),(512,'Completada',2),(513,'Completada',3),(514,'Completada',4),(515,'Completada',5),(516,'Completada',1),(517,'Completada',2),(518,'Completada',3),(519,'Completada',4),(520,'Completada',5),(521,'Completada',1),(522,'Completada',2),(523,'Completada',3),(524,'Completada',4),(525,'Completada',5),(526,'Completada',1),(527,'Completada',2),(528,'Completada',3),(529,'Completada',4),(530,'Completada',5),(531,'Completada',1),(532,'Completada',2),(533,'Completada',3),(534,'Completada',4),(535,'Completada',5),(536,'Completada',1),(537,'Completada',2),(538,'Completada',3),(539,'Completada',4),(540,'Completada',5),(541,'Completada',1),(542,'Completada',2),(543,'Completada',3),(544,'Completada',4),(545,'Completada',5),(546,'Completada',1),(547,'Completada',2),(548,'Completada',3),(549,'Completada',4),(550,'Completada',5),(551,'Completada',1),(552,'Completada',2),(553,'Completada',3),(554,'Completada',4),(555,'Completada',5),(556,'Completada',1),(557,'Completada',2),(558,'Completada',3),(559,'Completada',4),(560,'Completada',5),(561,'Completada',1),(562,'Completada',2),(563,'Completada',3),(564,'Completada',4),(565,'Completada',5),(566,'Completada',1),(567,'Completada',2),(568,'Completada',3),(569,'Completada',4),(570,'Completada',5),(571,'Completada',1),(572,'Completada',2),(573,'Completada',3),(574,'Completada',4),(575,'Completada',5),(576,'Completada',1),(577,'Completada',2),(578,'Completada',3),(579,'Completada',4),(580,'Completada',5),(581,'Completada',1),(582,'Completada',2),(583,'Completada',3),(584,'Completada',4),(585,'Completada',5),(586,'Completada',1),(587,'Completada',2),(588,'Completada',3),(589,'Completada',4),(590,'Completada',5),(591,'Completada',1),(592,'Completada',2),(593,'Completada',3),(594,'Completada',4),(595,'Completada',5),(596,'Completada',1),(597,'Completada',2),(598,'Completada',3),(599,'Completada',4),(600,'Completada',5),(601,'Completada',1),(602,'Completada',2),(603,'Completada',3),(604,'Completada',4),(605,'Completada',5),(606,'Completada',1),(607,'Completada',2),(608,'Completada',3),(609,'Completada',4),(610,'Completada',5),(611,'Completada',1),(612,'Completada',2),(613,'Completada',3),(614,'Completada',4),(615,'Completada',5),(616,'Completada',1),(617,'Completada',2),(618,'Completada',3),(619,'Completada',4),(620,'Completada',5),(621,'Completada',1),(622,'Completada',2),(623,'Completada',3),(624,'Completada',4),(625,'Completada',5),(626,'Completada',1),(627,'Completada',2),(628,'Completada',3),(629,'Completada',4),(630,'Completada',5),(631,'Completada',1),(632,'Completada',2),(633,'Completada',3),(634,'Completada',4),(635,'Completada',5),(636,'Completada',1),(637,'Completada',2),(638,'Completada',3),(639,'Completada',4),(640,'Completada',5),(641,'Completada',1),(642,'Completada',2),(643,'Completada',3),(644,'Completada',4),(645,'Completada',5),(646,'Completada',1),(647,'Completada',2),(648,'Completada',3),(649,'Completada',4),(650,'Completada',5),(651,'Completada',1),(652,'Completada',2),(653,'Completada',3),(654,'Completada',4),(655,'Completada',5),(656,'Completada',1),(657,'Completada',2),(658,'Completada',3),(659,'Completada',4),(660,'Completada',5),(661,'Completada',1),(662,'Completada',2),(663,'Completada',3),(664,'Completada',4),(665,'Completada',5),(666,'Completada',1),(667,'Completada',2),(668,'Completada',3),(669,'Completada',4),(670,'Completada',5),(671,'Completada',1),(672,'Completada',2),(673,'Completada',3),(674,'Completada',4),(675,'Completada',5),(676,'Completada',1),(677,'Completada',2),(678,'Completada',3),(679,'Completada',4),(680,'Completada',5),(681,'Completada',1),(682,'Completada',2),(683,'Completada',3),(684,'Completada',4),(685,'Completada',5),(686,'Completada',1),(687,'Completada',2),(688,'Completada',3),(689,'Completada',4),(690,'Completada',5),(691,'Completada',1),(692,'Completada',2),(693,'Completada',3),(694,'Completada',4),(695,'Completada',5),(696,'Completada',1),(697,'Completada',2),(698,'Completada',3),(699,'Completada',4),(700,'Completada',5),(701,'Completada',1),(702,'Completada',2),(703,'Completada',3),(704,'Completada',4),(705,'Completada',5),(706,'Completada',1),(707,'Completada',2),(708,'Completada',3),(709,'Completada',4),(710,'Completada',5),(711,'Completada',1),(712,'Completada',2),(713,'Completada',3),(714,'Completada',4),(715,'Completada',5),(716,'Completada',1),(717,'Completada',2),(718,'Completada',3),(719,'Completada',4),(720,'Completada',5),(721,'Completada',1),(722,'Completada',2),(723,'Completada',3),(724,'Completada',4),(725,'Completada',5),(726,'Completada',1),(727,'Completada',2),(728,'Completada',3),(729,'Completada',4),(730,'Completada',5),(731,'Completada',1),(732,'Completada',2),(733,'Completada',3),(734,'Completada',4),(735,'Completada',5),(736,'Completada',1),(737,'Completada',2),(738,'Completada',3),(739,'Completada',4),(740,'Completada',5),(741,'Completada',1),(742,'Completada',2),(743,'Completada',3),(744,'Completada',4),(745,'Completada',5),(746,'Completada',1),(747,'Completada',2),(748,'Completada',3),(749,'Completada',4),(750,'Completada',5),(751,'Completada',1),(752,'Completada',2),(753,'Completada',3),(754,'Completada',4),(755,'Completada',5),(756,'Completada',1),(757,'Completada',2),(758,'Completada',3),(759,'Completada',4),(760,'Completada',5),(761,'Completada',1),(762,'Completada',2),(763,'Completada',3),(764,'Completada',4),(765,'Completada',5),(766,'Completada',1),(767,'Completada',2),(768,'Completada',3),(769,'Completada',4),(770,'Completada',5),(771,'Completada',1),(772,'Completada',2),(773,'Completada',3),(774,'Completada',4),(775,'Completada',5),(776,'Completada',1),(777,'Completada',2),(778,'Completada',3),(779,'Completada',4),(780,'Completada',5),(781,'Completada',1),(782,'Completada',2),(783,'Completada',3),(784,'Completada',4),(785,'Completada',5),(786,'Completada',1),(787,'Completada',2),(788,'Completada',3),(789,'Completada',4),(790,'Completada',5),(791,'Completada',1),(792,'Completada',2),(793,'Completada',3),(794,'Completada',4),(795,'Completada',5),(796,'Completada',1),(797,'Completada',2),(798,'Completada',3),(799,'Completada',4),(800,'Completada',5),(801,'Completada',1),(802,'Completada',2),(803,'Completada',3),(804,'Completada',4),(805,'Completada',5),(806,'Completada',1),(807,'Completada',2),(808,'Completada',3),(809,'Completada',4),(810,'Completada',5),(811,'Completada',1),(812,'Completada',2),(813,'Completada',3),(814,'Completada',4),(815,'Completada',5),(816,'Completada',1),(817,'Completada',2),(818,'Completada',3),(819,'Completada',4),(820,'Completada',5),(821,'Completada',1),(822,'Completada',2),(823,'Completada',3),(824,'Completada',4),(825,'Completada',5),(826,'Completada',1),(827,'Completada',2),(828,'Completada',3),(829,'Completada',4),(830,'Completada',5),(831,'Completada',1),(832,'Completada',2),(833,'Completada',3),(834,'Completada',4),(835,'Completada',5),(836,'Completada',1),(837,'Completada',2),(838,'Completada',3),(839,'Completada',4),(840,'Completada',5),(841,'Completada',1),(842,'Completada',2),(843,'Completada',3),(844,'Completada',4),(845,'Completada',5),(846,'Completada',1),(847,'Completada',2),(848,'Completada',3),(849,'Completada',4),(850,'Completada',5),(851,'Completada',1),(852,'Completada',2),(853,'Completada',3),(854,'Completada',4),(855,'Completada',5),(856,'Completada',1),(857,'Completada',2),(858,'Completada',3),(859,'Completada',4),(860,'Completada',5),(861,'Completada',1),(862,'Completada',2),(863,'Completada',3),(864,'Completada',4),(865,'Completada',5),(866,'Completada',1),(867,'Completada',2),(868,'Completada',3),(869,'Completada',4),(870,'Completada',5),(871,'Completada',1),(872,'Completada',2),(873,'Completada',3),(874,'Completada',4),(875,'Completada',5),(876,'Completada',1),(877,'Completada',2),(878,'Completada',3),(879,'Completada',4),(880,'Completada',5),(881,'Completada',1),(882,'Completada',2),(883,'Completada',3),(884,'Completada',4),(885,'Completada',5),(886,'Completada',1),(887,'Completada',2),(888,'Completada',3),(889,'Completada',4),(890,'Completada',5),(891,'Completada',1),(892,'Completada',2),(893,'Completada',3),(894,'Completada',4),(895,'Completada',5),(896,'Completada',1),(897,'Completada',2),(898,'Completada',3),(899,'Completada',4),(900,'Completada',5),(901,'Completada',1),(902,'Completada',2),(903,'Completada',3),(904,'Completada',4),(905,'Completada',5),(906,'Completada',1),(907,'Completada',2),(908,'Completada',3),(909,'Completada',4),(910,'Completada',5),(911,'Completada',1),(912,'Completada',2),(913,'Completada',3),(914,'Completada',4),(915,'Completada',5),(916,'Completada',1),(917,'Completada',2),(918,'Completada',3),(919,'Completada',4),(920,'Completada',5),(921,'Completada',1),(922,'Completada',2),(923,'Completada',3),(924,'Completada',4),(925,'Completada',5),(926,'Completada',1),(927,'Completada',2),(928,'Completada',3),(929,'Completada',4),(930,'Completada',5),(931,'Completada',1),(932,'Completada',2),(933,'Completada',3),(934,'Completada',4),(935,'Completada',5),(936,'Completada',1),(937,'Completada',2),(938,'Completada',3),(939,'Completada',4),(940,'Completada',5),(941,'Completada',1),(942,'Completada',2),(943,'Completada',3),(944,'Completada',4),(945,'Completada',5),(946,'Completada',1),(947,'Completada',2),(948,'Completada',3),(949,'Completada',4),(950,'Completada',5),(951,'Completada',1),(952,'Completada',2),(953,'Completada',3),(954,'Completada',4),(955,'Completada',5),(956,'Completada',1),(957,'Completada',2),(958,'Completada',3),(959,'Completada',4),(960,'Completada',5),(961,'Completada',1),(962,'Completada',2),(963,'Completada',3),(964,'Completada',4),(965,'Completada',5),(966,'Completada',1),(967,'Completada',2),(968,'Completada',3),(969,'Completada',4),(970,'Completada',5),(971,'Completada',1),(972,'Completada',2),(973,'Completada',3),(974,'Completada',4),(975,'Completada',5),(976,'Completada',1),(977,'Completada',2),(978,'Completada',3),(979,'Completada',4),(980,'Completada',5),(981,'Completada',1),(982,'Completada',2),(983,'Completada',3),(984,'Completada',4),(985,'Completada',5),(986,'Completada',1),(987,'Completada',2),(988,'Completada',3),(989,'Completada',4),(990,'Completada',5),(991,'Completada',1),(992,'Completada',2),(993,'Completada',3),(994,'Completada',4),(995,'Completada',5),(996,'Completada',1),(997,'Completada',2),(998,'Completada',3),(999,'Completada',4),(1000,'Completada',5),(1001,'Completada',1),(1002,'Completada',2),(1003,'Completada',3),(1004,'Completada',4),(1005,'Completada',5),(1006,'Completada',1),(1007,'Completada',2),(1008,'Completada',3),(1009,'Completada',4),(1010,'Completada',5),(1011,'Completada',1),(1012,'Completada',2),(1013,'Completada',3),(1014,'Completada',4),(1015,'Completada',5),(1016,'Completada',1),(1017,'Completada',2),(1018,'Completada',3),(1019,'Completada',4),(1020,'Completada',5),(1021,'Completada',1),(1022,'Completada',2),(1023,'Completada',3),(1024,'Completada',4),(1025,'Completada',5),(1026,'Completada',1),(1027,'Completada',2),(1028,'Completada',3),(1029,'Completada',4),(1030,'Completada',5),(1031,'Completada',1),(1032,'Completada',2),(1033,'Completada',3),(1034,'Completada',4),(1035,'Completada',5),(1036,'Completada',1),(1037,'Completada',2),(1038,'Completada',3),(1039,'Completada',4),(1040,'Completada',5),(1041,'Completada',1),(1042,'Completada',2),(1043,'Completada',3),(1044,'Completada',4),(1045,'Completada',5),(1046,'Completada',1),(1047,'Completada',2),(1048,'Completada',3),(1049,'Completada',4),(1050,'Completada',5),(1051,'Completada',1),(1052,'Completada',2),(1053,'Completada',3),(1054,'Completada',4),(1055,'Completada',5),(1056,'Completada',1),(1057,'Completada',2),(1058,'Completada',3),(1059,'Completada',4),(1060,'Completada',5),(1061,'Completada',1),(1062,'Completada',2),(1063,'Completada',3),(1064,'Completada',4),(1065,'Completada',5),(1066,'Completada',1),(1067,'Completada',2),(1068,'Completada',3),(1069,'Completada',4),(1070,'Completada',5),(1071,'Completada',1),(1072,'Completada',2),(1073,'Completada',3),(1074,'Completada',4),(1075,'Completada',5),(1076,'Completada',1),(1077,'Completada',2),(1078,'Completada',3),(1079,'Completada',4),(1080,'Completada',5),(1081,'Completada',1),(1082,'Completada',2),(1083,'Completada',3),(1084,'Completada',4),(1085,'Completada',5),(1086,'Completada',1),(1087,'Completada',2),(1088,'Completada',3),(1089,'Completada',4),(1090,'Completada',5),(1091,'Completada',1),(1092,'Completada',2),(1093,'Completada',3),(1094,'Completada',4),(1095,'Completada',5),(1096,'Completada',1),(1097,'Completada',2),(1098,'Completada',3),(1099,'Completada',4),(1100,'Completada',5),(1101,'Completada',1),(1102,'Completada',2),(1103,'Completada',3),(1104,'Completada',4),(1105,'Completada',5),(1106,'Completada',1),(1107,'Completada',2),(1108,'Completada',3),(1109,'Completada',4),(1110,'Completada',5),(1111,'Completada',1),(1112,'Completada',2),(1113,'Completada',3),(1114,'Completada',4),(1115,'Completada',5),(1116,'Completada',1),(1117,'Completada',2),(1118,'Completada',3),(1119,'Completada',4),(1120,'Completada',5),(1121,'Completada',1),(1122,'Completada',2),(1123,'Completada',3),(1124,'Completada',4),(1125,'Completada',5),(1126,'Completada',1),(1127,'Completada',2),(1128,'Completada',3),(1129,'Completada',4),(1130,'Completada',5),(1131,'Completada',1),(1132,'Completada',2),(1133,'Completada',3),(1134,'Completada',4),(1135,'Completada',5),(1136,'Completada',1),(1137,'Completada',2),(1138,'Completada',3),(1139,'Completada',4),(1140,'Completada',5),(1141,'Completada',1),(1142,'Completada',2),(1143,'Completada',3),(1144,'Completada',4),(1145,'Completada',5),(1146,'Completada',1),(1147,'Completada',2),(1148,'Completada',3),(1149,'Completada',4),(1150,'Completada',5),(1151,'Completada',1),(1152,'Completada',2),(1153,'Completada',3),(1154,'Completada',4),(1155,'Completada',5),(1156,'Completada',1),(1157,'Completada',2),(1158,'Completada',3),(1159,'Completada',4),(1160,'Completada',5),(1161,'Completada',1),(1162,'Completada',2),(1163,'Completada',3),(1164,'Completada',4),(1165,'Completada',5),(1166,'Completada',1),(1167,'Completada',2),(1168,'Completada',3),(1169,'Completada',4),(1170,'Completada',5),(1171,'Completada',1),(1172,'Completada',2),(1173,'Completada',3),(1174,'Completada',4),(1175,'Completada',5),(1176,'Completada',1),(1177,'Completada',2),(1178,'Completada',3),(1179,'Completada',4),(1180,'Completada',5),(1181,'Completada',1),(1182,'Completada',2),(1183,'Completada',3),(1184,'Completada',4),(1185,'Completada',5),(1186,'Completada',1),(1187,'Completada',2),(1188,'Completada',3),(1189,'Completada',4),(1190,'Completada',5),(1191,'Completada',1),(1192,'Completada',2),(1193,'Completada',3),(1194,'Completada',4),(1195,'Completada',5),(1196,'Completada',1),(1197,'Completada',2),(1198,'Completada',3),(1199,'Completada',4),(1200,'Completada',5),(1201,'Completada',1),(1202,'Completada',2),(1203,'Completada',3),(1204,'Completada',4),(1205,'Completada',5),(1206,'Completada',1),(1207,'Completada',2),(1208,'Completada',3),(1209,'Completada',4),(1210,'Completada',5),(1211,'Completada',1),(1212,'Completada',2),(1213,'Completada',3),(1214,'Completada',4),(1215,'Completada',5),(1216,'Completada',1),(1217,'Completada',2),(1218,'Completada',3),(1219,'Completada',4),(1220,'Completada',5),(1221,'Completada',1),(1222,'Completada',2),(1223,'Completada',3),(1224,'Completada',4),(1225,'Completada',5),(1226,'Completada',1),(1227,'Completada',2),(1228,'Completada',3),(1229,'Completada',4),(1230,'Completada',5),(1231,'Completada',1),(1232,'Completada',2),(1233,'Completada',3),(1234,'Completada',4),(1235,'Completada',5),(1236,'Completada',1),(1237,'Completada',2),(1238,'Completada',3),(1239,'Completada',4),(1240,'Completada',5),(1241,'Completada',1),(1242,'Completada',2),(1243,'Completada',3),(1244,'Completada',4),(1245,'Completada',5),(1246,'Completada',1),(1247,'Completada',2),(1248,'Completada',3),(1249,'Completada',4),(1250,'Completada',5),(1251,'Completada',1),(1252,'Completada',2),(1253,'Completada',3),(1254,'Completada',4),(1255,'Completada',5),(1256,'Completada',1),(1257,'Completada',2),(1258,'Completada',3),(1259,'Completada',4),(1260,'Completada',5),(1261,'Completada',1),(1262,'Completada',2),(1263,'Completada',3),(1264,'Completada',4),(1265,'Completada',5),(1266,'Completada',1),(1267,'Completada',2),(1268,'Completada',3),(1269,'Completada',4),(1270,'Completada',5),(1271,'Completada',1),(1272,'Completada',2),(1273,'Completada',3),(1274,'Completada',4),(1275,'Completada',5),(1276,'Completada',1),(1277,'Completada',2),(1278,'Completada',3),(1279,'Completada',4),(1280,'Completada',5),(1281,'Completada',1),(1282,'Completada',2),(1283,'Completada',3),(1284,'Completada',4),(1285,'Completada',5),(1286,'Completada',1),(1287,'Completada',2),(1288,'Completada',3),(1289,'Completada',4),(1290,'Completada',5),(1291,'Completada',1),(1292,'Completada',2),(1293,'Completada',3),(1294,'Completada',4),(1295,'Completada',5),(1296,'Completada',1),(1297,'Completada',2),(1298,'Completada',3),(1299,'Completada',4),(1300,'Completada',5),(1301,'Completada',1),(1302,'Completada',2),(1303,'Completada',3),(1304,'Completada',4),(1305,'Completada',5),(1306,'Completada',1),(1307,'Completada',2),(1308,'Completada',3),(1309,'Completada',4),(1310,'Completada',5),(1311,'Completada',1),(1312,'Completada',2),(1313,'Completada',3),(1314,'Completada',4),(1315,'Completada',5),(1316,'Completada',1),(1317,'Completada',2),(1318,'Completada',3),(1319,'Completada',4),(1320,'Completada',5),(1321,'Completada',1),(1322,'Completada',2),(1323,'Completada',3),(1324,'Completada',4),(1325,'Completada',5),(1326,'Completada',1),(1327,'Completada',2),(1328,'Completada',3),(1329,'Completada',4),(1330,'Completada',5),(1331,'Completada',1),(1332,'Completada',2),(1333,'Completada',3),(1334,'Completada',4),(1335,'Completada',5),(1336,'Completada',1),(1337,'Completada',2),(1338,'Completada',3),(1339,'Completada',4),(1340,'Completada',5),(1341,'Completada',1),(1342,'Completada',2),(1343,'Completada',3),(1344,'Completada',4),(1345,'Completada',5),(1346,'Completada',1),(1347,'Completada',2),(1348,'Completada',3),(1349,'Completada',4),(1350,'Completada',5),(1351,'Completada',1),(1352,'Completada',2),(1353,'Completada',3),(1354,'Completada',4),(1355,'Completada',5),(1356,'Completada',1),(1357,'Completada',2),(1358,'Completada',3),(1359,'Completada',4),(1360,'Completada',5),(1361,'Completada',1),(1362,'Completada',2),(1363,'Completada',3),(1364,'Completada',4),(1365,'Completada',5),(1366,'Completada',1),(1367,'Completada',2),(1368,'Completada',3),(1369,'Completada',4),(1370,'Completada',5),(1371,'Completada',1),(1372,'Completada',2),(1373,'Completada',3),(1374,'Completada',4),(1375,'Completada',5),(1376,'Completada',1),(1377,'Completada',2),(1378,'Completada',3),(1379,'Completada',4),(1380,'Completada',5),(1381,'Completada',1),(1382,'Completada',2),(1383,'Completada',3),(1384,'Completada',4),(1385,'Completada',5),(1386,'Completada',1),(1387,'Completada',2),(1388,'Completada',3),(1389,'Completada',4),(1390,'Completada',5),(1391,'Completada',1),(1392,'Completada',2),(1393,'Completada',3),(1394,'Completada',4),(1395,'Completada',5),(1396,'Completada',1),(1397,'Completada',2),(1398,'Completada',3),(1399,'Completada',4),(1400,'Completada',5),(1401,'Completada',1),(1402,'Completada',2),(1403,'Completada',3),(1404,'Completada',4),(1405,'Completada',5),(1406,'Completada',1),(1407,'Completada',2),(1408,'Completada',3),(1409,'Completada',4),(1410,'Completada',5),(1411,'Completada',1),(1412,'Completada',2),(1413,'Completada',3),(1414,'Completada',4),(1415,'Completada',5),(1416,'Completada',1),(1417,'Completada',2),(1418,'Completada',3),(1419,'Completada',4),(1420,'Completada',5),(1421,'Completada',1),(1422,'Completada',2),(1423,'Completada',3),(1424,'Completada',4),(1425,'Completada',5),(1426,'Completada',1),(1427,'Completada',2),(1428,'Completada',3),(1429,'Completada',4),(1430,'Completada',5),(1431,'Completada',1),(1432,'Completada',2),(1433,'Completada',3),(1434,'Completada',4),(1435,'Completada',5),(1436,'Completada',1),(1437,'Completada',2),(1438,'Completada',3),(1439,'Completada',4),(1440,'Completada',5),(1441,'Completada',1),(1442,'Completada',2),(1443,'Completada',3),(1444,'Completada',4),(1445,'Completada',5),(1446,'Completada',1),(1447,'Completada',2),(1448,'Completada',3),(1449,'Completada',4),(1450,'Completada',5),(1451,'Completada',1),(1452,'Completada',2),(1453,'Completada',3),(1454,'Completada',4),(1455,'Completada',5),(1456,'Completada',1),(1457,'Completada',2),(1458,'Completada',3),(1459,'Completada',4),(1460,'Completada',5),(1461,'Completada',1),(1462,'Completada',2),(1463,'Completada',3),(1464,'Completada',4),(1465,'Completada',5),(1466,'Completada',1),(1467,'Completada',2),(1468,'Completada',3),(1469,'Completada',4),(1470,'Completada',5),(1471,'Completada',1),(1472,'Completada',2),(1473,'Completada',3),(1474,'Completada',4),(1475,'Completada',5),(1476,'Completada',1),(1477,'Completada',2),(1478,'Completada',3),(1479,'Completada',4),(1480,'Completada',5),(1481,'Completada',1),(1482,'Completada',2),(1483,'Completada',3),(1484,'Completada',4),(1485,'Completada',5),(1486,'Completada',1),(1487,'Completada',2),(1488,'Completada',3),(1489,'Completada',4),(1490,'Completada',5),(1491,'Completada',1),(1492,'Completada',2),(1493,'Completada',3),(1494,'Completada',4),(1495,'Completada',5),(1496,'Completada',1),(1497,'Completada',2),(1498,'Completada',3),(1499,'Completada',4),(1500,'Completada',5),(1501,'Completada',1),(1502,'Completada',2),(1503,'Completada',3),(1504,'Completada',4),(1505,'Completada',5),(1506,'Completada',1),(1507,'Completada',2),(1508,'Completada',3),(1509,'Completada',4),(1510,'Completada',5),(1511,'Completada',1),(1512,'Completada',2),(1513,'Completada',3),(1514,'Completada',4),(1515,'Completada',5),(1516,'Completada',1),(1517,'Completada',2),(1518,'Completada',3),(1519,'Completada',4),(1520,'Completada',5),(1521,'Completada',1),(1522,'Completada',2),(1523,'Completada',3),(1524,'Completada',4),(1525,'Completada',5),(1526,'Completada',1),(1527,'Completada',2),(1528,'Completada',3),(1529,'Completada',4),(1530,'Completada',5),(1531,'Completada',1),(1532,'Completada',2),(1533,'Completada',3),(1534,'Completada',4),(1535,'Completada',5),(1536,'Completada',1),(1537,'Completada',2),(1538,'Completada',3),(1539,'Completada',4),(1540,'Completada',5),(1541,'Completada',1),(1542,'Completada',2),(1543,'Completada',3),(1544,'Completada',4),(1545,'Completada',5),(1546,'Completada',1),(1547,'Completada',2),(1548,'Completada',3),(1549,'Completada',4),(1550,'Completada',5),(1551,'Completada',1),(1552,'Completada',2),(1553,'Completada',3),(1554,'Completada',4),(1555,'Completada',5),(1556,'Completada',1),(1557,'Completada',2),(1558,'Completada',3),(1559,'Completada',4),(1560,'Completada',5),(1561,'Completada',1),(1562,'Completada',2),(1563,'Completada',3),(1564,'Completada',4),(1565,'Completada',5),(1566,'Completada',1),(1567,'Completada',2),(1568,'Completada',3),(1569,'Completada',4),(1570,'Completada',5),(1571,'Completada',1),(1572,'Completada',2),(1573,'Completada',3),(1574,'Completada',4),(1575,'Completada',5),(1576,'Completada',1),(1577,'Completada',2),(1578,'Completada',3),(1579,'Completada',4),(1580,'Completada',5),(1581,'Completada',1),(1582,'Completada',2),(1583,'Completada',3),(1584,'Completada',4),(1585,'Completada',5),(1586,'Completada',1),(1587,'Completada',2),(1588,'Completada',3),(1589,'Completada',4),(1590,'Completada',5),(1591,'Completada',1),(1592,'Completada',2),(1593,'Completada',3),(1594,'Completada',4),(1595,'Completada',5),(1596,'Completada',1),(1597,'Completada',2),(1598,'Completada',3),(1599,'Completada',4),(1600,'Completada',5),(1601,'Completada',1),(1602,'Completada',2),(1603,'Completada',3),(1604,'Completada',4),(1605,'Completada',5),(1606,'Completada',1),(1607,'Completada',2),(1608,'Completada',3),(1609,'Completada',4),(1610,'Completada',5),(1611,'Completada',1),(1612,'Completada',2),(1613,'Completada',3),(1614,'Completada',4),(1615,'Completada',5),(1616,'Completada',1),(1617,'Completada',2),(1618,'Completada',3),(1619,'Completada',4),(1620,'Completada',5),(1621,'Completada',1),(1622,'Completada',2),(1623,'Completada',3),(1624,'Completada',4),(1625,'Completada',5),(1626,'Completada',1),(1627,'Completada',2),(1628,'Completada',3),(1629,'Completada',4),(1630,'Completada',5),(1631,'Completada',1),(1632,'Completada',2),(1633,'Completada',3),(1634,'Completada',4),(1635,'Completada',5),(1636,'Completada',1),(1637,'Completada',2),(1638,'Completada',3),(1639,'Completada',4),(1640,'Completada',5),(1641,'Completada',1),(1642,'Completada',2),(1643,'Completada',3),(1644,'Completada',4),(1645,'Completada',5),(1646,'Completada',1),(1647,'Completada',2),(1648,'Completada',3),(1649,'Completada',4),(1650,'Completada',5),(1651,'Completada',1),(1652,'Completada',2),(1653,'Completada',3),(1654,'Completada',4),(1655,'Completada',5),(1656,'Completada',1),(1657,'Completada',2),(1658,'Completada',3),(1659,'Completada',4),(1660,'Completada',5),(1661,'Completada',1),(1662,'Completada',2),(1663,'Completada',3),(1664,'Completada',4),(1665,'Completada',5),(1666,'Completada',1),(1667,'Completada',2),(1668,'Completada',3),(1669,'Completada',4),(1670,'Completada',5),(1671,'Completada',1),(1672,'Completada',2),(1673,'Completada',3),(1674,'Completada',4),(1675,'Completada',5),(1676,'Completada',1),(1677,'Completada',2),(1678,'Completada',3),(1679,'Completada',4),(1680,'Completada',5),(1681,'Completada',1),(1682,'Completada',2),(1683,'Completada',3),(1684,'Completada',4),(1685,'Completada',5),(1686,'Completada',1),(1687,'Completada',2),(1688,'Completada',3),(1689,'Completada',4),(1690,'Completada',5),(1691,'Completada',1),(1692,'Completada',2),(1693,'Completada',3),(1694,'Completada',4),(1695,'Completada',5),(1696,'Completada',1),(1697,'Completada',2),(1698,'Completada',3),(1699,'Completada',4),(1700,'Completada',5),(1701,'Completada',1),(1702,'Completada',2),(1703,'Completada',3),(1704,'Completada',4),(1705,'Completada',5),(1706,'Completada',1),(1707,'Completada',2),(1708,'Completada',3),(1709,'Completada',4),(1710,'Completada',5),(1711,'Completada',1),(1712,'Completada',2),(1713,'Completada',3),(1714,'Completada',4),(1715,'Completada',5),(1716,'Completada',1),(1717,'Completada',2),(1718,'Completada',3),(1719,'Completada',4),(1720,'Completada',5),(1721,'Completada',1),(1722,'Completada',2),(1723,'Completada',3),(1724,'Completada',4),(1725,'Completada',5),(1726,'Completada',1),(1727,'Completada',2),(1728,'Completada',3),(1729,'Completada',4),(1730,'Completada',5),(1731,'Completada',1),(1732,'Completada',2),(1733,'Completada',3),(1734,'Completada',4),(1735,'Completada',5),(1736,'Completada',1),(1737,'Completada',2),(1738,'Completada',3),(1739,'Completada',4),(1740,'Completada',5),(1741,'Completada',1),(1742,'Completada',2),(1743,'Completada',3),(1744,'Completada',4),(1745,'Completada',5),(1746,'Completada',1),(1747,'Completada',2),(1748,'Completada',3),(1749,'Completada',4),(1750,'Completada',5),(1751,'Completada',1),(1752,'Completada',2),(1753,'Completada',3),(1754,'Completada',4),(1755,'Completada',5),(1756,'Completada',1),(1757,'Completada',2),(1758,'Completada',3),(1759,'Completada',4),(1760,'Completada',5),(1761,'Completada',1),(1762,'Completada',2),(1763,'Completada',3),(1764,'Completada',4),(1765,'Completada',5),(1766,'Completada',1),(1767,'Completada',2),(1768,'Completada',3),(1769,'Completada',4),(1770,'Completada',5),(1771,'Completada',1),(1772,'Completada',2),(1773,'Completada',3),(1774,'Completada',4),(1775,'Completada',5),(1776,'Completada',1),(1777,'Completada',2),(1778,'Completada',3),(1779,'Completada',4),(1780,'Completada',5),(1781,'Completada',1),(1782,'Completada',2),(1783,'Completada',3),(1784,'Completada',4),(1785,'Completada',5),(1786,'Completada',1),(1787,'Completada',2),(1788,'Completada',3),(1789,'Completada',4),(1790,'Completada',5),(1791,'Completada',1),(1792,'Completada',2),(1793,'Completada',3),(1794,'Completada',4),(1795,'Completada',5),(1796,'Completada',1),(1797,'Completada',2),(1798,'Completada',3),(1799,'Completada',4),(1800,'Completada',5),(1801,'Completada',1),(1802,'Completada',2),(1803,'Completada',3),(1804,'Completada',4),(1805,'Completada',5),(1806,'Completada',1),(1807,'Completada',2),(1808,'Completada',3),(1809,'Completada',4),(1810,'Completada',5),(1811,'Completada',1),(1812,'Completada',2),(1813,'Completada',3),(1814,'Completada',4),(1815,'Completada',5),(1816,'Completada',1),(1817,'Completada',2),(1818,'Completada',3),(1819,'Completada',4),(1820,'Completada',5),(1821,'Completada',1),(1822,'Completada',2),(1823,'Completada',3),(1824,'Completada',4),(1825,'Completada',5),(1826,'Completada',1),(1827,'Completada',2),(1828,'Completada',3),(1829,'Completada',4),(1830,'Completada',5),(1831,'Completada',1),(1832,'Completada',2),(1833,'Completada',3),(1834,'Completada',4),(1835,'Completada',5),(1836,'Completada',1),(1837,'Completada',2),(1838,'Completada',3),(1839,'Completada',4),(1840,'Completada',5),(1841,'Completada',1),(1842,'Completada',2),(1843,'Completada',3),(1844,'Completada',4),(1845,'Completada',5),(1846,'Completada',1),(1847,'Completada',2),(1848,'Completada',3),(1849,'Completada',4),(1850,'Completada',5),(1851,'Completada',1),(1852,'Completada',2),(1853,'Completada',3),(1854,'Completada',4),(1855,'Completada',5),(1856,'Completada',1),(1857,'Completada',2),(1858,'Completada',3),(1859,'Completada',4),(1860,'Completada',5),(1861,'Completada',1),(1862,'Completada',2),(1863,'Completada',3),(1864,'Completada',4),(1865,'Completada',5),(1866,'Completada',1),(1867,'Completada',2),(1868,'Completada',3),(1869,'Completada',4),(1870,'Completada',5),(1871,'Completada',1),(1872,'Completada',2),(1873,'Completada',3),(1874,'Completada',4),(1875,'Completada',5),(1876,'Completada',1),(1877,'Completada',2),(1878,'Completada',3),(1879,'Completada',4),(1880,'Completada',5),(1881,'Completada',1),(1882,'Completada',2),(1883,'Completada',3),(1884,'Completada',4),(1885,'Completada',5),(1886,'Completada',1),(1887,'Completada',2),(1888,'Completada',3),(1889,'Completada',4),(1890,'Completada',5),(1891,'Completada',1),(1892,'Completada',2),(1893,'Completada',3),(1894,'Completada',4),(1895,'Completada',5),(1896,'Completada',1),(1897,'Completada',2),(1898,'Completada',3),(1899,'Completada',4),(1900,'Completada',5),(1901,'Completada',1),(1902,'Completada',2),(1903,'Completada',3),(1904,'Completada',4),(1905,'Completada',5),(1906,'Completada',1),(1907,'Completada',2),(1908,'Completada',3),(1909,'Completada',4),(1910,'Completada',5),(1911,'Completada',1),(1912,'Completada',2),(1913,'Completada',3),(1914,'Completada',4),(1915,'Completada',5),(1916,'Completada',1),(1917,'Completada',2),(1918,'Completada',3),(1919,'Completada',4),(1920,'Completada',5),(1921,'Completada',1),(1922,'Completada',2),(1923,'Completada',3),(1924,'Completada',4),(1925,'Completada',5),(1926,'Completada',1),(1927,'Completada',2),(1928,'Completada',3),(1929,'Completada',4),(1930,'Completada',5),(1931,'Completada',1),(1932,'Completada',2),(1933,'Completada',3),(1934,'Completada',4),(1935,'Completada',5),(1936,'Completada',1),(1937,'Completada',2),(1938,'Completada',3),(1939,'Completada',4),(1940,'Completada',5),(1941,'Completada',1),(1942,'Completada',2),(1943,'Completada',3),(1944,'Completada',4),(1945,'Completada',5),(1946,'Completada',1),(1947,'Completada',2),(1948,'Completada',3),(1949,'Completada',4),(1950,'Completada',5),(1951,'Completada',1),(1952,'Completada',2),(1953,'Completada',3),(1954,'Completada',4),(1955,'Completada',5),(1956,'Completada',1),(1957,'Completada',2),(1958,'Completada',3),(1959,'Completada',4),(1960,'Completada',5),(1961,'Completada',1),(1962,'Completada',2),(1963,'Completada',3),(1964,'Completada',4),(1965,'Completada',5),(1966,'Completada',1),(1967,'Completada',2),(1968,'Completada',3),(1969,'Completada',4),(1970,'Completada',5),(1971,'Completada',1),(1972,'Completada',2),(1973,'Completada',3),(1974,'Completada',4),(1975,'Completada',5),(1976,'Completada',1),(1977,'Completada',2),(1978,'Completada',3),(1979,'Completada',4),(1980,'Completada',5),(1981,'Completada',1),(1982,'Completada',2),(1983,'Completada',3),(1984,'Completada',4),(1985,'Completada',5),(1986,'Completada',1),(1987,'Completada',2),(1988,'Completada',3),(1989,'Completada',4),(1990,'Completada',5),(1991,'Completada',1),(1992,'Completada',2),(1993,'Completada',3),(1994,'Completada',4),(1995,'Completada',5),(1996,'Completada',1),(1997,'Completada',2),(1998,'Completada',3),(1999,'Completada',4),(2000,'Completada',5),(2001,'Completada',1),(2002,'Completada',2),(2003,'Completada',3),(2004,'Completada',4),(2005,'Completada',5),(2006,'Completada',1),(2007,'Completada',2),(2008,'Completada',3),(2009,'Completada',4),(2010,'Completada',5),(2011,'Completada',1),(2012,'Completada',2),(2013,'Completada',3),(2014,'Completada',4),(2015,'Completada',5),(2016,'Completada',1),(2017,'Completada',2),(2018,'Completada',3),(2019,'Completada',4),(2020,'Completada',5),(2021,'Completada',1),(2022,'Completada',2),(2023,'Completada',3),(2024,'Completada',4),(2025,'Completada',5),(2026,'Completada',1),(2027,'Completada',2),(2028,'Completada',3),(2029,'Completada',4),(2030,'Completada',5),(2031,'Completada',1),(2032,'Completada',2),(2033,'Completada',3),(2034,'Completada',4),(2035,'Completada',5),(2036,'Completada',1),(2037,'Completada',2),(2038,'Completada',3),(2039,'Completada',4),(2040,'Completada',5),(2041,'Completada',1),(2042,'Completada',2),(2043,'Completada',3),(2044,'Completada',4),(2045,'Completada',5),(2046,'Completada',1),(2047,'Completada',2),(2048,'Completada',3),(2049,'Completada',4),(2050,'Completada',5),(2051,'Completada',1),(2052,'Completada',2),(2053,'Completada',3),(2054,'Completada',4),(2055,'Completada',5),(2056,'Completada',1),(2057,'Completada',2),(2058,'Completada',3),(2059,'Completada',4),(2060,'Completada',5),(2061,'Completada',1),(2062,'Completada',2),(2063,'Completada',3),(2064,'Completada',4),(2065,'Completada',5),(2066,'Completada',1),(2067,'Completada',2),(2068,'Completada',3),(2069,'Completada',4),(2070,'Completada',5),(2071,'Completada',1),(2072,'Completada',2),(2073,'Completada',3),(2074,'Completada',4),(2075,'Completada',5),(2076,'Completada',1),(2077,'Completada',2),(2078,'Completada',3),(2079,'Completada',4),(2080,'Completada',5),(2081,'Completada',1),(2082,'Completada',2),(2083,'Completada',3),(2084,'Completada',4),(2085,'Completada',5),(2086,'Completada',1),(2087,'Completada',2),(2088,'Completada',3),(2089,'Completada',4),(2090,'Completada',5),(2091,'Completada',1),(2092,'Completada',2),(2093,'Completada',3),(2094,'Completada',4),(2095,'Completada',5),(2096,'Completada',1),(2097,'Completada',2),(2098,'Completada',3),(2099,'Completada',4),(2100,'Completada',5),(2101,'Completada',1),(2102,'Completada',2),(2103,'Completada',3),(2104,'Completada',4),(2105,'Completada',5),(2106,'Completada',1),(2107,'Completada',2),(2108,'Completada',3),(2109,'Completada',4),(2110,'Completada',5),(2111,'Completada',1),(2112,'Completada',2),(2113,'Completada',3),(2114,'Completada',4),(2115,'Completada',5),(2116,'Completada',1),(2117,'Completada',2),(2118,'Completada',3),(2119,'Completada',4),(2120,'Completada',5),(2121,'Completada',1),(2122,'Completada',2),(2123,'Completada',3),(2124,'Completada',4),(2125,'Completada',5),(2126,'Completada',1),(2127,'Completada',2),(2128,'Completada',3),(2129,'Completada',4),(2130,'Completada',5),(2131,'Completada',1),(2132,'Completada',2),(2133,'Completada',3),(2134,'Completada',4),(2135,'Completada',5),(2136,'Completada',1),(2137,'Completada',2),(2138,'Completada',3),(2139,'Completada',4),(2140,'Completada',5),(2141,'Completada',1),(2142,'Completada',2),(2143,'Completada',3),(2144,'Completada',4),(2145,'Completada',5),(2146,'Completada',1),(2147,'Completada',2),(2148,'Completada',3),(2149,'Completada',4),(2150,'Completada',5),(2151,'Completada',1),(2152,'Completada',2),(2153,'Completada',3),(2154,'Completada',4),(2155,'Completada',5),(2156,'Completada',1),(2157,'Completada',2),(2158,'Completada',3),(2159,'Completada',4),(2160,'Completada',5),(2161,'Completada',1),(2162,'Completada',2),(2163,'Completada',3),(2164,'Completada',4),(2165,'Completada',5),(2166,'Completada',1),(2167,'Completada',2),(2168,'Completada',3),(2169,'Completada',4),(2170,'Completada',5),(2171,'Completada',1),(2172,'Completada',2),(2173,'Completada',3),(2174,'Completada',4),(2175,'Completada',5),(2176,'Completada',1);
/*!40000 ALTER TABLE `venta` ENABLE KEYS */;
UNLOCK TABLES;

--
-- Dumping events for database 'ferreteria'
--

--
-- Dumping routines for database 'ferreteria'
--
/*!50003 DROP PROCEDURE IF EXISTS `ResetPasswordToDefault` */;
/*!50003 SET @saved_cs_client      = @@character_set_client */ ;
/*!50003 SET @saved_cs_results     = @@character_set_results */ ;
/*!50003 SET @saved_col_connection = @@collation_connection */ ;
/*!50003 SET character_set_client  = utf8mb4 */ ;
/*!50003 SET character_set_results = utf8mb4 */ ;
/*!50003 SET collation_connection  = utf8mb4_0900_ai_ci */ ;
/*!50003 SET @saved_sql_mode       = @@sql_mode */ ;
/*!50003 SET sql_mode              = 'ONLY_FULL_GROUP_BY,STRICT_TRANS_TABLES,NO_ZERO_IN_DATE,NO_ZERO_DATE,ERROR_FOR_DIVISION_BY_ZERO,NO_ENGINE_SUBSTITUTION' */ ;
DELIMITER ;;
CREATE DEFINER=`user`@`%` PROCEDURE `ResetPasswordToDefault`(IN emp_id INT)
BEGIN
    -- Declarar variable para la contraseña temporal
    DECLARE default_pass VARCHAR(255);
    
    -- Este es un hash de ejemplo para '1234'
    SET default_pass = '$2a$10$N9qo8uLOickgx2ZMRZoMy.MrYV8LJ2JmspXb6X3JQ0QjRXU9J7WnK';
    
    -- Actualizar la contraseña
    UPDATE Empleado 
    SET Contraseña = default_pass
    WHERE Cod_Empleado = emp_id;
    
    -- Devolver el número de filas afectadas
    SELECT ROW_COUNT() AS affected_rows;
END ;;
DELIMITER ;
/*!50003 SET sql_mode              = @saved_sql_mode */ ;
/*!50003 SET character_set_client  = @saved_cs_client */ ;
/*!50003 SET character_set_results = @saved_cs_results */ ;
/*!50003 SET collation_connection  = @saved_col_connection */ ;
/*!50003 DROP PROCEDURE IF EXISTS `sp_reporte_bodega` */;
/*!50003 SET @saved_cs_client      = @@character_set_client */ ;
/*!50003 SET @saved_cs_results     = @@character_set_results */ ;
/*!50003 SET @saved_col_connection = @@collation_connection */ ;
/*!50003 SET character_set_client  = utf8mb4 */ ;
/*!50003 SET character_set_results = utf8mb4 */ ;
/*!50003 SET collation_connection  = utf8mb4_0900_ai_ci */ ;
/*!50003 SET @saved_sql_mode       = @@sql_mode */ ;
/*!50003 SET sql_mode              = 'ONLY_FULL_GROUP_BY,STRICT_TRANS_TABLES,NO_ZERO_IN_DATE,NO_ZERO_DATE,ERROR_FOR_DIVISION_BY_ZERO,NO_ENGINE_SUBSTITUTION' */ ;
DELIMITER ;;
CREATE DEFINER=`user`@`%` PROCEDURE `sp_reporte_bodega`(
    IN sector_param VARCHAR(50),
    IN periodo_param VARCHAR(10),
    IN search_term VARCHAR(100)
)
BEGIN
    -- Variables para condiciones dinámicas
    DECLARE sector_condition VARCHAR(200) DEFAULT '';
    DECLARE periodo_condition VARCHAR(200) DEFAULT '';
    DECLARE search_condition VARCHAR(200) DEFAULT '';
    
    -- Construir condición para sector (solo si se proporciona)
    IF sector_param IS NOT NULL AND sector_param != '' THEN
        SET sector_condition = CONCAT(' AND p.Sector = "', sector_param, '"');
    END IF;
    
    -- Construir condición para período (incluso si es 'todos')
    IF periodo_param IS NOT NULL THEN
        CASE periodo_param
            WHEN 'diario' THEN SET periodo_condition = ' AND pp.Fecha_Entrada >= DATE_SUB(CURDATE(), INTERVAL 1 DAY)';
            WHEN 'semanal' THEN SET periodo_condition = ' AND pp.Fecha_Entrada >= DATE_SUB(CURDATE(), INTERVAL 7 DAY)';
            WHEN 'mensual' THEN SET periodo_condition = ' AND pp.Fecha_Entrada >= DATE_SUB(CURDATE(), INTERVAL 1 MONTH)';
            WHEN 'todos' THEN SET periodo_condition = ''; -- No filtrar por fecha
        END CASE;
    END IF;
    
    -- Construir condición para término de búsqueda
    IF search_term IS NOT NULL AND search_term != '' THEN
        SET search_condition = CONCAT(' AND (p.Nombre LIKE "%', search_term, '%" OR p.Cod_Producto LIKE "%', search_term, '%")');
    END IF;
    
     -- Consulta principal con condiciones dinámicas
    SET @sql = CONCAT('
        SELECT 
            p.Cod_Producto,
            p.Nombre,
            p.Marca,
            pp.Fecha_Entrada AS FechaEntrada,
            pp.Cantidad,
            p.FechaVencimiento,
            p.Sector,
            p.Descripcion  -- Añadir este campo
        FROM 
            Producto p
        JOIN 
            ProveProduct pp ON p.Cod_Producto = pp.Cod_Producto
        WHERE 
            p.Estado = "Activo"',
            sector_condition,
            periodo_condition,
            search_condition,
        ' ORDER BY pp.Fecha_Entrada DESC');
    
    PREPARE stmt FROM @sql;
    EXECUTE stmt;
    DEALLOCATE PREPARE stmt;
END ;;
DELIMITER ;
/*!50003 SET sql_mode              = @saved_sql_mode */ ;
/*!50003 SET character_set_client  = @saved_cs_client */ ;
/*!50003 SET character_set_results = @saved_cs_results */ ;
/*!50003 SET collation_connection  = @saved_col_connection */ ;
/*!50003 DROP PROCEDURE IF EXISTS `sp_reporte_ventas` */;
/*!50003 SET @saved_cs_client      = @@character_set_client */ ;
/*!50003 SET @saved_cs_results     = @@character_set_results */ ;
/*!50003 SET @saved_col_connection = @@collation_connection */ ;
/*!50003 SET character_set_client  = utf8mb4 */ ;
/*!50003 SET character_set_results = utf8mb4 */ ;
/*!50003 SET collation_connection  = utf8mb4_0900_ai_ci */ ;
/*!50003 SET @saved_sql_mode       = @@sql_mode */ ;
/*!50003 SET sql_mode              = 'ONLY_FULL_GROUP_BY,STRICT_TRANS_TABLES,NO_ZERO_IN_DATE,NO_ZERO_DATE,ERROR_FOR_DIVISION_BY_ZERO,NO_ENGINE_SUBSTITUTION' */ ;
DELIMITER ;;
CREATE DEFINER=`user`@`%` PROCEDURE `sp_reporte_ventas`(
    IN filtro VARCHAR(10),
    IN fecha_param VARCHAR(20)
)
BEGIN
    -- Declarar variables para fechas ajustadas
    DECLARE fecha_actual DATE;
    DECLARE fecha_inicio DATE;
    DECLARE fecha_fin DATE;
    DECLARE fecha_seleccionada DATE;
    DECLARE anio_seleccionado INT;
    DECLARE semana_seleccionada INT;
    DECLARE mes_seleccionado INT;

    -- Validar el parámetro filtro
    IF filtro NOT IN ('diario', 'semanal', 'mensual') THEN
        SIGNAL SQLSTATE '45000' 
        SET MESSAGE_TEXT = 'Filtro no válido. Use: diario, semanal o mensual';
    END IF;

    -- Procesar la fecha según el filtro seleccionado
    IF filtro = 'diario' THEN
        -- Para filtro diario, usar la fecha directamente
        SET fecha_seleccionada = STR_TO_DATE(fecha_param, '%Y-%m-%d');
        SET fecha_inicio = fecha_seleccionada;
        SET fecha_fin = DATE_ADD(fecha_seleccionada, INTERVAL 1 DAY);
        
    ELSEIF filtro = 'semanal' THEN
        -- Para filtro semanal, extraer año y semana
        SET anio_seleccionado = SUBSTRING(fecha_param, 1, 4);
        SET semana_seleccionada = SUBSTRING(fecha_param, 6, 2);
        
        -- Calcular fecha de inicio y fin de la semana
        SET fecha_inicio = DATE_ADD(
            MAKEDATE(anio_seleccionado, 1), 
            INTERVAL (semana_seleccionada - 1) WEEK
        );
        SET fecha_fin = DATE_ADD(fecha_inicio, INTERVAL 7 DAY);
        
    ELSE
        -- Para filtro mensual, extraer año y mes
        SET anio_seleccionado = SUBSTRING(fecha_param, 1, 4);
        SET mes_seleccionado = SUBSTRING(fecha_param, 6, 2);
        
        -- Calcular fecha de inicio y fin del mes
        SET fecha_inicio = STR_TO_DATE(CONCAT(anio_seleccionado, '-', mes_seleccionado, '-01'), '%Y-%m-%d');
        SET fecha_fin = LAST_DAY(fecha_inicio);
        SET fecha_fin = DATE_ADD(fecha_fin, INTERVAL 1 DAY);
    END IF;

    -- Consulta principal con filtro de fechas mejorado
    SELECT 
        v.Cod_Venta,
        pv.Cod_Producto,
        p.Nombre AS Nombre_Producto,
        pv.Cantidad_Venta,
        ROUND(SUM(pv.Precio_Venta * pv.Cantidad_Venta), 2) AS Monto_Total,
        DATE_FORMAT(pv.Fecha_salida, '%Y-%m-%d') AS Fecha_Venta
    FROM 
        Venta v
    JOIN 
        ProductVenta pv ON v.Cod_Venta = pv.Cod_Venta
    JOIN 
        Producto p ON p.Cod_Producto = pv.Cod_Producto
    WHERE
        pv.Fecha_salida >= fecha_inicio
        AND pv.Fecha_salida < fecha_fin
    GROUP BY 
        v.Cod_Venta, pv.Cod_Producto, p.Nombre, pv.Cantidad_Venta, pv.Fecha_salida;
END ;;
DELIMITER ;
/*!50003 SET sql_mode              = @saved_sql_mode */ ;
/*!50003 SET character_set_client  = @saved_cs_client */ ;
/*!50003 SET character_set_results = @saved_cs_results */ ;
/*!50003 SET collation_connection  = @saved_col_connection */ ;
/*!50003 DROP PROCEDURE IF EXISTS `sp_reporte_ventas_empleado` */;
/*!50003 SET @saved_cs_client      = @@character_set_client */ ;
/*!50003 SET @saved_cs_results     = @@character_set_results */ ;
/*!50003 SET @saved_col_connection = @@collation_connection */ ;
/*!50003 SET character_set_client  = utf8mb4 */ ;
/*!50003 SET character_set_results = utf8mb4 */ ;
/*!50003 SET collation_connection  = utf8mb4_0900_ai_ci */ ;
/*!50003 SET @saved_sql_mode       = @@sql_mode */ ;
/*!50003 SET sql_mode              = 'ONLY_FULL_GROUP_BY,STRICT_TRANS_TABLES,NO_ZERO_IN_DATE,NO_ZERO_DATE,ERROR_FOR_DIVISION_BY_ZERO,NO_ENGINE_SUBSTITUTION' */ ;
DELIMITER ;;
CREATE DEFINER=`user`@`%` PROCEDURE `sp_reporte_ventas_empleado`(
    IN p_filtro VARCHAR(20),
    IN p_fecha VARCHAR(20),
    IN p_empleado_id INT
)
BEGIN
    DECLARE v_start_date DATE;
    DECLARE v_end_date DATE;
    
    IF p_filtro = 'diario' THEN
        -- Filtro diario (ya funciona correctamente)
        SELECT 
            v.Cod_Venta,
            pv.Cod_Producto,
            pr.Nombre AS Nombre_Producto,
            pv.Cantidad_Venta,
            pv.Precio_Venta * pv.Cantidad_Venta AS Monto_Total,
            pv.Fecha_salida AS Fecha_Venta
        FROM Venta v
        JOIN ProductVenta pv ON v.Cod_Venta = pv.Cod_Venta
        JOIN Producto pr ON pv.Cod_Producto = pr.Cod_Producto
        WHERE v.Cod_Empleado = p_empleado_id
        AND DATE(pv.Fecha_salida) = p_fecha;
    
    ELSEIF p_filtro = 'semanal' THEN
        -- Calcular inicio y fin de semana basado en la fecha recibida
        SET v_start_date = DATE_SUB(p_fecha, INTERVAL WEEKDAY(p_fecha) DAY);
        SET v_end_date = DATE_ADD(v_start_date, INTERVAL 6 DAY);
        
        SELECT 
            v.Cod_Venta,
            pv.Cod_Producto,
            pr.Nombre AS Nombre_Producto,
            pv.Cantidad_Venta,
            pv.Precio_Venta * pv.Cantidad_Venta AS Monto_Total,
            pv.Fecha_salida AS Fecha_Venta
        FROM Venta v
        JOIN ProductVenta pv ON v.Cod_Venta = pv.Cod_Venta
        JOIN Producto pr ON pv.Cod_Producto = pr.Cod_Producto
        WHERE v.Cod_Empleado = p_empleado_id
        AND DATE(pv.Fecha_salida) BETWEEN v_start_date AND v_end_date;
    
    ELSEIF p_filtro = 'mensual' THEN
        -- Calcular inicio y fin de mes basado en la fecha recibida
        SET v_start_date = DATE_FORMAT(p_fecha, '%Y-%m-01');
        SET v_end_date = LAST_DAY(p_fecha);
        
        SELECT 
            v.Cod_Venta,
            pv.Cod_Producto,
            pr.Nombre AS Nombre_Producto,
            pv.Cantidad_Venta,
            pv.Precio_Venta * pv.Cantidad_Venta AS Monto_Total,
            pv.Fecha_salida AS Fecha_Venta
        FROM Venta v
        JOIN ProductVenta pv ON v.Cod_Venta = pv.Cod_Venta
        JOIN Producto pr ON pv.Cod_Producto = pr.Cod_Producto
        WHERE v.Cod_Empleado = p_empleado_id
        AND DATE(pv.Fecha_salida) BETWEEN v_start_date AND v_end_date;
    END IF;
END ;;
DELIMITER ;
/*!50003 SET sql_mode              = @saved_sql_mode */ ;
/*!50003 SET character_set_client  = @saved_cs_client */ ;
/*!50003 SET character_set_results = @saved_cs_results */ ;
/*!50003 SET collation_connection  = @saved_col_connection */ ;
/*!50003 DROP PROCEDURE IF EXISTS `TopProductosPorSectorConPrecio` */;
/*!50003 SET @saved_cs_client      = @@character_set_client */ ;
/*!50003 SET @saved_cs_results     = @@character_set_results */ ;
/*!50003 SET @saved_col_connection = @@collation_connection */ ;
/*!50003 SET character_set_client  = utf8mb4 */ ;
/*!50003 SET character_set_results = utf8mb4 */ ;
/*!50003 SET collation_connection  = utf8mb4_0900_ai_ci */ ;
/*!50003 SET @saved_sql_mode       = @@sql_mode */ ;
/*!50003 SET sql_mode              = 'ONLY_FULL_GROUP_BY,STRICT_TRANS_TABLES,NO_ZERO_IN_DATE,NO_ZERO_DATE,ERROR_FOR_DIVISION_BY_ZERO,NO_ENGINE_SUBSTITUTION' */ ;
DELIMITER ;;
CREATE DEFINER=`user`@`%` PROCEDURE `TopProductosPorSectorConPrecio`()
BEGIN
    -- Eliminar tabla temporal si existe
    DROP TEMPORARY TABLE IF EXISTS TempTopSector;
    
    -- Crear tabla temporal para el top de productos por sector
    CREATE TEMPORARY TABLE TempTopSector (
        Sector VARCHAR(50),
        Posicion INT,
        Cod_Producto INT,
        Nombre_Producto VARCHAR(50),
        CantidadVendida FLOAT,
        PrecioVentaPromedio DECIMAL(10,2),
        TotalVendido DECIMAL(10,2),
        Icono VARCHAR(50)
    );
    
    -- Insertar los 3 productos más vendidos por cada sector con información de precios
    INSERT INTO TempTopSector
    WITH VentasPorProducto AS (
        SELECT 
            P.Sector,
            P.Cod_Producto,
            P.Nombre AS Nombre_Producto,
            COALESCE(SUM(PV.Cantidad_Venta), 0) AS CantidadVendida,
            COALESCE(AVG(PV.Precio_Venta), 0) AS PrecioVentaPromedio,
            COALESCE(SUM(PV.Cantidad_Venta * PV.Precio_Venta), 0) AS TotalVendido,
            CASE 
                WHEN P.Sector = 'Herramientas manuales' THEN 'fa-tools'
                WHEN P.Sector = 'Herramientas eléctricas' THEN 'fa-bolt'
                WHEN P.Sector = 'Materiales de construcción' THEN 'fa-cubes'
                WHEN P.Sector = 'Pinturas o accesorios' THEN 'fa-paint-roller'
                WHEN P.Sector = 'Tuberías y plomería' THEN 'fa-faucet'
                WHEN P.Sector = 'Electricidad e iluminación' THEN 'fa-lightbulb'
                WHEN P.Sector = 'Seguridad industrial' THEN 'fa-hard-hat'
                WHEN P.Sector = 'Productos de ferretería general' THEN 'fa-warehouse'
                ELSE 'fa-box'
            END AS Icono,
            ROW_NUMBER() OVER (PARTITION BY P.Sector ORDER BY COALESCE(SUM(PV.Cantidad_Venta), 0) DESC) AS Ranking
        FROM Producto P
        LEFT JOIN ProductVenta PV ON P.Cod_Producto = PV.Cod_Producto
        LEFT JOIN Venta V ON PV.Cod_Venta = V.Cod_Venta AND V.Estado_Venta = 'Finalizada'
        GROUP BY P.Sector, P.Cod_Producto, P.Nombre
        HAVING CantidadVendida > 0
    )
    SELECT 
        Sector,
        Ranking AS Posicion,
        Cod_Producto,
        Nombre_Producto,
        CantidadVendida,
        PrecioVentaPromedio,
        TotalVendido,
        Icono
    FROM VentasPorProducto
    WHERE Ranking <= 3;
    
    -- Mostrar resultados ordenados por sector y posición
    SELECT 
        Sector,
        Posicion,
        Cod_Producto,
        Nombre_Producto,
        CantidadVendida,
        CONCAT('C$', FORMAT(PrecioVentaPromedio, 2)) AS PrecioPromedio,
        CONCAT('C$', FORMAT(TotalVendido, 2)) AS TotalVendido,
        Icono
    FROM TempTopSector
    ORDER BY Sector, Posicion;
    
    -- Limpieza
    DROP TEMPORARY TABLE IF EXISTS TempTopSector;
END ;;
DELIMITER ;
/*!50003 SET sql_mode              = @saved_sql_mode */ ;
/*!50003 SET character_set_client  = @saved_cs_client */ ;
/*!50003 SET character_set_results = @saved_cs_results */ ;
/*!50003 SET collation_connection  = @saved_col_connection */ ;
/*!40103 SET TIME_ZONE=@OLD_TIME_ZONE */;

/*!40101 SET SQL_MODE=@OLD_SQL_MODE */;
/*!40014 SET FOREIGN_KEY_CHECKS=@OLD_FOREIGN_KEY_CHECKS */;
/*!40014 SET UNIQUE_CHECKS=@OLD_UNIQUE_CHECKS */;
/*!40101 SET CHARACTER_SET_CLIENT=@OLD_CHARACTER_SET_CLIENT */;
/*!40101 SET CHARACTER_SET_RESULTS=@OLD_CHARACTER_SET_RESULTS */;
/*!40101 SET COLLATION_CONNECTION=@OLD_COLLATION_CONNECTION */;
/*!40111 SET SQL_NOTES=@OLD_SQL_NOTES */;

-- Dump completed on 2025-08-16  8:10:08
